frequency_hz,exact_magnitude_db,exact_phase_deg,low_order_magnitude_db,low_order_phase_deg
100,39.9999618837,-0.125999473635,39.9999618996,-0.11999942976
101.472259111,39.9999607531,-0.127854496518,39.9999607695,-0.121766115135
102.966193692,39.999959589,-0.12973682942,39.9999596059,-0.123558809927
104.48212286,39.9999583903,-0.131646874425,39.9999584077,-0.125377897028
106.020370434,39.9999571561,-0.133585039451,39.999957174,-0.127223764964
107.581264998,39.9999558853,-0.135551738494,39.9999559037,-0.129096807982
109.165139974,39.9999545768,-0.137547391581,39.9999545957,-0.13099742613
110.772333694,39.9999532294,-0.13957242498,39.999953249,-0.132926025344
112.403189469,39.9999518421,-0.141627271209,39.9999518622,-0.134883017535
114.058055668,39.9999504137,-0.143712369097,39.9999504344,-0.136868820676
115.737285785,39.9999489429,-0.145828164035,39.9999489642,-0.138883858892
117.44123852,39.9999474284,-0.147975107922,39.9999474504,-0.14092856255
119.170277855,39.9999458691,-0.150153659253,39.9999458917,-0.143003368352
120.924773129,39.9999442635,-0.152364283376,39.9999442867,-0.145108719425
122.705099119,39.9999426102,-0.154607452414,39.9999426342,-0.147245065419
124.511636121,39.9999409079,-0.156883645441,39.9999409326,-0.149412862602
126.344770029,39.9999391552,-0.159193348627,39.9999391806,-0.151612573954
128.204892417,39.9999373504,-0.161537055259,39.9999373766,-0.153844669273
130.092400627,39.9999354921,-0.163915265876,39.9999355191,-0.156109625267
132.007697849,39.9999335787,-0.16632848843,39.9999336064,-0.158407925661
133.951193208,39.9999316085,-0.168777238323,39.9999316371,-0.160740061298
135.923301855,39.9999295799,-0.171262038509,39.9999296094,-0.163106530245
137.924445051,39.9999274911,-0.173783419689,39.9999275215,-0.165507837898
139.955050261,39.9999253404,-0.176341920341,39.9999253716,-0.167944497089
142.01555124,39.9999231259,-0.178938086904,39.999923158,-0.170417028199
144.106388133,39.9999208457,-0.181572473821,39.9999208788,-0.172925959266
146.228007562,39.9999184978,-0.184245643701,39.9999185319,-0.175471826094
148.380862727,39.9999160803,-0.186958167438,39.9999161154,-0.178055172378
150.565413498,39.9999135912,-0.189710624342,39.9999136273,-0.180676549807
152.782126517,39.9999110281,-0.192503602214,39.9999110653,-0.18333651819
155.031475296,39.9999083891,-0.195337697526,39.9999084274,-0.186035645576
157.313940316,39.9999056718,-0.19821351555,39.9999057112,-0.188774508366
159.630009136,39.9999028738,-0.201131670415,39.9999029145,-0.191553691447
161.98017649,39.9998999929,-0.204092785325,39.9999000348,-0.19437378831
164.364944398,39.9998970265,-0.207097492622,39.9998970696,-0.197235401176
166.784822268,39.9998939722,-0.210146433967,39.9998940166,-0.20013914113
169.24032701,39.9998908272,-0.213240260484,39.9998908729,-0.203085628243
171.731983145,39.999887589,-0.216379632854,39.9998876361,-0.206075491713
174.260322914,39.9998842547,-0.219565221477,39.9998843032,-0.209109369991
176.825886396,39.9998808216,-0.222797706628,39.9998808715,-0.212187910923
179.429221619,39.9998772866,-0.22607777857,39.999877338,-0.215311771883
182.070884683,39.9998736467,-0.229406137743,39.9998736996,-0.218481619918
184.751439872,39.9998698989,-0.232783494881,39.9998699534,-0.221698131886
187.471459779,39.9998660399,-0.236210571192,39.999866096,-0.224961994601
190.231525427,39.9998620664,-0.239688098468,39.9998621242,-0.228273904982
193.032226393,39.9998579751,-0.243216819269,39.9998580347,-0.231634570197
195.874160935,39.9998537625,-0.246797487096,39.9998538238,-0.235044707816
198.757936116,39.9998494249,-0.250430866541,39.999849488,-0.238505045964
201.68416794,39.9998449586,-0.25411773339,39.9998450236,-0.242016323475
204.653481479,39.9998403599,-0.257858874905,39.9998404268,-0.245579290049
207.666511007,39.9998356247,-0.261655089887,39.9998356937,-0.249194706413
210.723900137,39.9998307491,-0.265507188914,39.9998308202,-0.25286334448
213.826301957,39.9998257289,-0.269415994456,39.9998258021,-0.256585987516
216.97437917,39.9998205598,-0.273382341087,39.9998206352,-0.260363430306
220.168804237,39.9998152374,-0.277407075692,39.999815315,-0.264196479321
223.410259518,39.9998097571,-0.281491057566,39.9998098371,-0.268085952893
226.699437419,39.9998041143,-0.285635158654,39.9998041966,-0.272032681384
230.037040543,39.9997983041,-0.289840263724,39.9997983889,-0.276037507367
233.423781832,39.9997923216,-0.294107270566,39.9997924089,-0.280101285804
236.860384728,39.9997861616,-0.298437090167,39.9997862515,-0.284224884226
240.347583324,39.9997798189,-0.302830646895,39.9997799115,-0.288409182918
243.886122518,39.9997732881,-0.307288878725,39.9997733835,-0.292655075108
247.476758179,39.9997665636,-0.311812737429,39.9997666618,-0.296963467152
251.1202573,39.9997596396,-0.316403188749,39.9997597408,-0.301335278733
254.817398169,39.9997525103,-0.321061212659,39.9997526145,-0.305771443049
258.568970531,39.9997451695,-0.325787803494,39.9997452768,-0.310272907018
262.375775759,39.9997376109,-0.330583970238,39.9997377215,-0.314840631474
266.238627024,39.9997298282,-0.335450736726,39.9997299422,-0.319475591372
270.158349468,39.9997218147,-0.340389141795,39.999721932,-0.324178775996
274.135780384,39.9997135635,-0.345400239572,39.9997136844,-0.328951189168
278.171769388,39.9997050675,-0.350485099704,39.999705192,-0.333793849462
282.267178608,39.9996963196,-0.355644807533,39.9996964478,-0.338707790418
286.422882864,39.9996873122,-0.360880464334,39.9996874443,-0.343694060761
290.639769855,39.9996780376,-0.366193187613,39.9996781737,-0.348753724625
294.918740348,39.999668488,-0.371584111254,39.9996686282,-0.353887861778
299.260708374,39.9996586551,-0.377054385821,39.9996587995,-0.359097567849
303.66660142,39.9996485306,-0.382605178807,39.9996486794,-0.364383954564
308.137360628,39.9996381058,-0.388237674809,39.9996382591,-0.369748149974
312.673940996,39.9996273718,-0.39395307587,39.9996275297,-0.375191298703
317.277311581,39.9996163195,-0.399752601674,39.9996164821,-0.380714562182
321.948455709,39.9996049394,-0.405637489812,39.9996051069,-0.386319118899
326.688371183,39.9995932217,-0.411608996082,39.9995933943,-0.392006164648
331.498070494,39.9995811565,-0.41766839471,39.9995813343,-0.397776912781
336.378581041,39.9995687334,-0.423816978628,39.9995689166,-0.403632594463
341.330945349,39.999555942,-0.430056059768,39.9995561307,-0.409574458934
346.356221292,39.9995427711,-0.436386969327,39.9995429655,-0.415603773773
351.455482318,39.9995292096,-0.44281105805,39.9995294099,-0.421721825164
356.62981768,39.9995152459,-0.449329696495,39.9995154523,-0.427929918167
361.880332665,39.999500868,-0.455944275382,39.9995010807,-0.434229376998
367.208148835,39.9994860637,-0.462656205803,39.9994862829,-0.440621545302
372.614404264,39.9994708204,-0.469466919584,39.9994710462,-0.447107786438
378.100253782,39.999455125,-0.476377869567,39.9994553576,-0.453689483769
383.666869218,39.9994389641,-0.483390529908,39.9994392038,-0.460368040952
389.315439658,39.9994223238,-0.490506396416,39.9994225709,-0.467144882232
395.047171691,39.9994051901,-0.497726986817,39.9994054447,-0.474021452742
400.863289671,39.9993875483,-0.505053841132,39.9993878105,-0.480999218808
406.765035977,39.9993693832,-0.512488521957,39.9993696535,-0.488079668258
412.753671282,39.9993506794,-0.520032614825,39.9993509579,-0.495264310733
418.830474815,39.9993314209,-0.527687728506,39.9993317079,-0.502554678004
424.996744642,39.9993115912,-0.535455495375,39.999311887,-0.509952324296
431.253797939,39.9992911735,-0.543337571744,39.9992914784,-0.517458826609
437.602971272,39.9992701502,-0.551335638213,39.9992704644,-0.525075785055
444.045620889,39.9992485035,-0.559451400003,39.9992488273,-0.532804823189
450.583123001,39.9992262148,-0.567686587357,39.9992265486,-0.540647588351
457.216874085,39.9992032651,-0.57604295585,39.9992036092,-0.54860575201
463.948291172,39.9991796348,-0.584522286808,39.9991799894,-0.556681010114
470.778812162,39.9991553038,-0.593126387635,39.9991556693,-0.564875083444
477.709896119,39.9991302512,-0.60185709224,39.999130628,-0.573189717976
484.743023591,39.9991044556,-0.610716261378,39.999104844,-0.581626685242
491.879696923,39.9990778951,-0.619705783056,39.9990782955,-0.590187782702
499.121440578,39.9990505469,-0.628827572939,39.9990509597,-0.598874834118
506.469801464,39.9990223877,-0.63808357473,39.9990228133,-0.607689689935
513.926349263,39.9989933935,-0.647475760599,39.9989938322,-0.616634227664
521.492676766,39.9989635394,-0.657006131569,39.9989639918,-0.625710352276
529.170400216,39.9989328001,-0.66667671795,39.9989332665,-0.634919996595
536.961159648,39.9989011492,-0.676489579763,39.9989016301,-0.644265121701
544.866619246,39.9988685598,-0.686446807162,39.9988690556,-0.653747717337
552.888467693,39.9988350039,-0.696550520862,39.9988355152,-0.663369802321
561.028418535,39.9988004531,-0.706802872607,39.9988009803,-0.673133424966
569.288210545,39.9987648776,-0.717206045591,39.9987654214,-0.6830406635
577.669608095,39.9987282473,-0.727762254909,39.9987288081,-0.6930936265
586.174401534,39.9986905308,-0.738473748045,39.9986911092,-0.703294453326
594.80440757,39.998651696,-0.749342805316,39.9986522925,-0.713645314562
603.561469656,39.9986117096,-0.760371740335,39.9986123248,-0.724148412465
612.447458386,39.9985705375,-0.771562900523,39.9985711722,-0.734805981416
621.464271895,39.9985281447,-0.782918667564,39.9985287993,-0.745620288384
630.613836263,39.9984844948,-0.794441457897,39.9984851702,-0.756593633385
639.898105925,39.9984395508,-0.806133723248,39.9984402475,-0.767728349962
649.319064094,39.9983932741,-0.817997951091,39.9983939929,-0.779026805657
658.878723177,39.9983456253,-0.830036665189,39.998346367,-0.790491402501
668.579125213,39.9982965638,-0.842252426102,39.998297329,-0.802124577499
678.422342301,39.9982460476,-0.854647831718,39.9982468372,-0.813928803134
688.41047705,39.9981940337,-0.867225517783,39.9981948485,-0.825906587866
698.545663023,39.9981404776,-0.879988158431,39.9981413186,-0.838060476647
708.830065194,39.9980853337,-0.892938466758,39.9980862017,-0.850393051437
719.265880414,39.998028555,-0.906079195347,39.9980294508,-0.862906931725
729.855337874,39.9979700929,-0.919413136844,39.9979710176,-0.875604775066
740.600699586,39.9979098976,-0.932943124528,39.9979108521,-0.888489277615
751.504260866,39.9978479177,-0.946672032884,39.9978489031,-0.901563174671
762.568350819,39.9977841004,-0.96060277818,39.9977851177,-0.914829241233
773.795332845,39.9977183913,-0.974738319081,39.9977194416,-0.928290292554
785.187605137,39.9976507341,-0.989081657219,39.9976518187,-0.94194918471
796.747601196,39.9975810714,-1.00363583782,39.9975821913,-0.955808815173
808.47779035,39.9975093435,-1.01840395032,39.9975105001,-0.969872123388
820.380678283,39.9974354894,-1.03338912896,39.997436684,-0.984142091367
832.458807567,39.9973594461,-1.04859455346,39.9973606799,-0.998621744274
844.714758211,39.9972811487,-1.06402344963,39.9972824232,-1.01331415104
857.151148204,39.9972005304,-1.07967909001,39.997201847,-1.02822242495
869.770634083,39.9971175226,-1.09556479453,39.9971188828,-1.0433497243
882.575911492,39.9970320543,-1.1116839312,39.9970334598,-1.05869925297
895.569715765,39.9969440528,-1.12803991676,39.9969455051,-1.0742742611
908.754822505,39.996853443,-1.14463621733,39.9968549439,-1.0900780457
922.13404818,39.9967601477,-1.16147634916,39.9967616989,-1.10611395132
935.710250724,39.9966640874,-1.17856387925,39.9966656907,-1.12238537068
949.486330147,39.9965651801,-1.19590242614,39.9965668375,-1.13889574536
963.465229155,39.9964633416,-1.21349566055,39.996465055,-1.15564856644
977.649933777,39.996358485,-1.23134730614,39.9963602566,-1.17264737519
992.043474005,39.9962505211,-1.24946114022,39.996252353,-1.18989576378
1006.64892444,39.9961393578,-1.26784099451,39.9961412522,-1.20739737594
1021.46940495,39.9960249004,-1.28649075587,39.9960268597,-1.22515590764
1036.50808134,39.9959070513,-1.30541436704,39.9959090781,-1.24317510788
1051.76816601,39.9957857103,-1.32461582743,39.9957878069,-1.26145877932
1067.25291866,39.9956607739,-1.34409919392,39.9956629431,-1.28001077905
1082.965647,39.9955321357,-1.36386858155,39.9955343802,-1.29883501931
1098.90970741,39.9953996861,-1.3839281644,39.9954020089,-1.31793546821
1115.0885057,39.9952633124,-1.40428217634,39.9952657165,-1.33731615053
1131.50549783,39.9951228985,-1.42493491187,39.995125387,-1.35698114842
1148.16419062,39.9949783247,-1.44589072687,39.9949809009,-1.37693460216
1165.06814253,39.994829468,-1.46715403953,39.9948321354,-1.39718071099
1182.22096441,39.9946762017,-1.48872933107,39.9946789639,-1.41772373382
1199.62632028,39.9945183954,-1.51062114667,39.994521256,-1.43856799005
1217.28792808,39.9943559147,-1.53283409625,39.9943588777,-1.45971786034
1235.20956052,39.9941886214,-1.55537285538,39.9941916909,-1.48117778744
1253.39504582,39.9940163731,-1.57824216614,39.9940195535,-1.50295227697
1271.84826858,39.9938390234,-1.60144683794,39.993842319,-1.52504589822
1290.5731706,39.9936564213,-1.6249917485,39.9936598368,-1.54746328502
1309.57375169,39.9934684115,-1.64888184463,39.9934719519,-1.57020913651
1328.85407058,39.9932748343,-1.67312214323,39.9932785046,-1.59328821802
1348.41824571,39.9930755249,-1.69771773211,39.9930793305,-1.61670536187
1368.27045619,39.9928703139,-1.722673771,39.9928742605,-1.64046546825
1388.41494265,39.992659027,-1.74799549236,39.9926631203,-1.66457350605
1408.85600815,39.9924414845,-1.77368820242,39.9924457307,-1.68903451372
1429.5980191,39.9922175016,-1.79975728204,39.9922219072,-1.71385360017
1450.64540619,39.9919868881,-1.82620818769,39.9919914596,-1.73903594558
1472.00266536,39.9917494479,-1.85304645239,39.9917541926,-1.76458680231
1493.67435872,39.9915049795,-1.88027768668,39.9915099046,-1.79051149581
1515.66511556,39.9912532752,-1.90790757958,39.9912583886,-1.81681542543
1537.97963333,39.9909941214,-1.93594189955,39.9909994311,-1.84350406539
1560.62267861,39.9907272981,-1.9643864955,39.9907328127,-1.87058296562
1583.59908819,39.9904525788,-1.99324729773,39.9904583072,-1.89805775267
1606.91377006,39.9901697305,-2.02253031896,39.990175682,-1.92593413065
1630.57170445,39.9898785132,-2.0522416553,39.9898846977,-1.95421788208
1654.57794494,39.9895786799,-2.08238748726,39.9895851076,-1.98291486883
1678.93761949,39.9892699764,-2.11297408077,39.9892766582,-2.01203103304
1703.65593157,39.988952141,-2.14400778814,39.9889590882,-2.041572398
1728.73816125,39.9886249042,-2.17549504914,39.9886321287,-2.07154506911
1754.18966634,39.9882879889,-2.20744239196,39.9882955032,-2.10195523473
1780.01588353,39.9879411096,-2.23985643426,39.9879489268,-2.13280916718
1806.22232956,39.9875839726,-2.27274388418,39.9875921065,-2.1641132236
1832.81460238,39.9872162753,-2.30611154137,39.9872247405,-2.19587384687
1859.79838236,39.9868377067,-2.33996629803,39.9868465183,-2.22809756655
1887.1794335,39.9864479463,-2.37431513989,39.9864571203,-2.26079099978
1914.96360466,39.9860466645,-2.4091651473,39.9860562177,-2.29396085218
1943.15683081,39.9856335218,-2.44452349621,39.9856434719,-2.32761391879
1971.76513431,39.9852081689,-2.48039745921,39.9852185345,-2.36175708492
2000.79462615,39.9847702464,-2.51679440655,39.984781047,-2.39639732712
2030.25150734,39.9843193842,-2.55372180718,39.9843306403,-2.43154171402
2060.14207014,39.9838552016,-2.59118722975,39.9838669348,-2.46719740722
2090.47269948,39.9833773064,-2.62919834364,39.9833895396,-2.50337166221
2121.24987427,39.9828852955,-2.66776291993,39.9828980526,-2.5400718292
2152.48016882,39.9823787537,-2.70688883248,39.9823920598,-2.577305354
2184.17025423,39.9818572536,-2.74658405884,39.9818711353,-2.61507977887
2216.3268998,39.9813203558,-2.7868566813,39.9813348408,-2.65340274336
2248.95697453,39.9807676075,-2.82771488785,39.9807827254,-2.69228198513
2282.0674485,39.9801985433,-2.86916697315,39.980214325,-2.73172534078
2315.66539444,39.9796126839,-2.9112213395,39.9796291619,-2.77174074663
2349.7579892,39.9790095362,-2.95388649776,39.9790267449,-2.81233623951
2384.35251529,39.9783885927,-2.99717106832,39.9784065682,-2.85351995752
2419.45636245,39.9777493313,-3.04108378197,39.9777681117,-2.89530014076
2455.07702919,39.9770912146,-3.08563348087,39.97711084,-2.9376851321
2491.22212445,39.9764136897,-3.13082911935,39.9764342025,-2.98068337779
2527.89936916,39.9757161878,-3.17667976486,39.9757376324,-3.02430342824
2565.11659795,39.9749981233,-3.22319459872,39.9750205467,-3.06855393858
2602.88176079,39.9742588939,-3.27038291703,39.9742823458,-3.11344366931
2641.20292467,39.9734978799,-3.3182541314,39.9735224124,-3.1589814869
2680.08827538,39.9727144437,-3.36681776973,39.9727401118,-3.20517636432
2719.54611921,39.9719079291,-3.41608347697,39.971934791,-3.2520373816
2759.58488474,39.9710776612,-3.4660610158,39.9711057781,-3.29957372626
2800.21312464,39.9702229456,-3.51676026734,39.970252382,-3.34779469377
2841.43951751,39.9693430677,-3.56819123172,39.9693738918,-3.396709688
2883.27286971,39.9684372927,-3.62036402876,39.9684695764,-3.4463282215
2925.72211724,39.9675048644,-3.67328889849,39.9675386835,-3.49665991585
2968.79632769,39.966545005,-3.72697620166,39.9665804395,-3.54771450193
3012.50470212,39.9655569143,-3.78143642021,39.9655940487,-3.59950182009
3056.85657708,39.9645397694,-3.83668015773,39.9645786927,-3.65203182033
3101.86142656,39.9634927235,-3.89271813978,39.9635335298,-3.70531456238
3147.52886404,39.9624149058,-3.94956121424,39.9624576944,-3.7593602157
3193.86864453,39.9613054207,-4.00722035154,39.9613502963,-3.81417905949
3240.89066665,39.9601633469,-4.0657066449,39.9602104201,-3.86978148253
3288.60497479,39.9589877367,-4.1250313104,39.9590371244,-3.92617798304
3337.02176117,39.9577776159,-4.1852056871,39.9578294413,-3.98337916838
3386.1513681,39.9565319821,-4.24624123699,39.9565863754,-4.04139575471
3436.00429014,39.9552498047,-4.3081495449,39.9553069034,-4.10023856661
3486.59117637,39.9539300238,-4.37094231838,39.9539899731,-4.15991853647
3537.92283265,39.9525715496,-4.43463138739,39.9526345027,-4.22044670396
3590.01022391,39.9511732613,-4.49922870398,39.9512393801,-4.28183421525
3642.86447653,39.9497340065,-4.56474634188,39.9498034622,-4.34409232223
3696.49688071,39.9482526006,-4.63119649592,39.9483255736,-4.40723238155
3750.91889284,39.9467278251,-4.69859148138,39.9468045064,-4.47126585357
3806.142138,39.9451584278,-4.76694373331,39.9452390189,-4.53620430121
3862.17841242,39.943543121,-4.8362658056,39.9436278348,-4.60205938865
3919.039686,39.9418805811,-4.90657037,39.9419696425,-4.66884287986
3976.73810486,39.9401694474,-4.97787021503,39.9402630941,-4.7365666371
4035.28599395,39.9384083213,-5.05017824472,39.9385068043,-4.80524261912
4094.69585967,39.9365957652,-5.12350747723,39.9366993498,-4.87488287937
4154.98039255,39.9347303014,-5.19787104332,39.9348392679,-4.9454995639
4216.15246996,39.9328104115,-5.27328218463,39.932925056,-5.01710490923
4278.22515885,39.9308345346,-5.34975425191,39.9309551701,-5.08971123993
4341.21171856,39.9288010671,-5.42730070291,39.9289280242,-5.16333096607
4405.12560363,39.9267083609,-5.5059351003,39.926841989,-5.23797658053
4469.98046671,39.9245547225,-5.5856711092,39.9246953909,-5.31366065599
4535.79016141,39.9223384122,-5.6665224947,39.922486511,-5.39039584182
4602.56874534,39.9200576423,-5.74850311905,39.9202135838,-5.46819486073
4670.33048305,39.9177105765,-5.83162693871,39.9178747965,-5.54707050516
4739.08984912,39.9152953284,-5.91590800118,39.9154682872,-5.62703563345
4808.86153123,39.9128099601,-6.00136044155,39.9129921445,-5.70810316583
4879.66043328,39.9102524816,-6.08799847889,39.9104444057,-5.79028608004
4951.50167862,39.9076208486,-6.17583641235,39.9078230559,-5.87359740679
5024.40061323,39.904912962,-6.264888617,39.9051260268,-5.95805022491
5098.37280906,39.9021266663,-6.35516953942,39.9023511955,-6.0436576562
5173.43406728,39.8992597481,-6.44669369302,39.899496383,-6.13043286
5249.60042171,39.8963099347,-6.53947565303,39.8965593532,-6.21838902747
5326.88814223,39.8932748934,-6.63353005128,39.8935378117,-6.30753937551
5405.31373826,39.8901522291,-6.72887157053,39.8904294042,-6.39789714041
5484.89396228,39.8869394836,-6.82551493862,39.8872317153,-6.48947557111
5565.64581339,39.8836341338,-6.92347492221,39.8839422674,-6.58228792211
5647.58654099,39.8802335906,-7.02276632015,39.8805585192,-6.67634744605
5730.73364842,39.8767351968,-7.12340395655,39.8770778642,-6.77166738589
5815.10489671,39.8731362263,-7.22540267345,39.8734976298,-6.86826096666
5900.71830839,39.8694338822,-7.32877732308,39.8698150754,-6.96614138688
5987.59217133,39.8656252951,-7.43354275977,39.8660273915,-7.06532180952
6075.74504263,39.8617075222,-7.53971383136,39.8621316981,-7.1658153525
6165.19575261,39.8576775451,-7.64730537031,39.8581250433,-7.26763507884
6255.96340882,39.8535322684,-7.75633218422,39.8540044019,-7.37079398619
6348.06740011,39.8492685183,-7.86680904598,39.8497666742,-7.47530499607
6441.52740081,39.8448830409,-7.97875068344,39.8454086846,-7.5811809425
6536.36337489,39.8403725005,-8.09217176858,39.8409271799,-7.68843456015
6632.59558024,39.8357334782,-8.20708690613,39.8363188283,-7.797078472
6730.24457299,39.83096247,-8.32351062178,39.8315802179,-7.90712517646
6829.33121194,39.8260558856,-8.44145734969,39.8267078553,-8.0185870339
6929.87666296,39.8210100464,-8.56094141966,39.8216981643,-8.13147625272
7031.90240355,39.8158211839,-8.68197704349,39.8165474845,-8.24580487472
7135.43022739,39.8104854385,-8.80457830099,39.8112520701,-8.36158475998
7240.48224906,39.8049988574,-8.9287591252,39.8058080885,-8.4788275711
7347.08090868,39.7993573932,-9.05453328713,39.800211619,-8.59754475682
7455.24897679,39.7935569026,-9.18191437978,39.7944586519,-8.71774753499
7565.00955913,39.7875931443,-9.31091580156,39.7885450867,-8.83944687497
7676.38610165,39.7814617777,-9.44155073902,39.7824667315,-8.9626534793
7789.40239546,39.7751583616,-9.57383214892,39.7762193013,-9.0873777647
7904.08258196,39.7686783522,-9.7077727396,39.7697984175,-9.21362984247
8020.45115795,39.7620171022,-9.84338495166,39.7631996064,-9.34141949809
8138.5329809,39.7551698588,-9.98068093783,39.7564182984,-9.47075617023
8258.35327425,39.7481317626,-10.1196725422,39.7494498269,-9.60164892891
8379.93763279,39.7408978462,-10.2603712788,39.7422894277,-9.73410645311
8503.31202812,39.7334630329,-10.4027883091,39.7349322379,-9.86813700747
8628.50281423,39.7258221353,-10.5469344188,39.7273732953,-10.0037484184
8755.5367331,39.7179698542,-10.6928199944,39.7196075378,-10.1409480494
8884.44092041,39.7099007772,-10.8404549981,39.7116298026,-10.2797427755
9015.24291136,39.7016093782,-10.9898489424,39.7034348258,-10.4201389572
9147.97064655,39.6930900157,-11.141010864,39.6950172424,-10.5621424136
9282.6524779,39.6843369321,-11.2939492965,39.6863715853,-10.7057583943
9419.3171748,39.6753442531,-11.4486722423,39.6774922855,-10.8509915517
9557.99393014,39.6661059865,-11.6051871441,39.6683736723,-10.9978459109
9698.71236665,39.6566160218,-11.763500855,39.6590099729,-11.1463248403
9841.50254316,39.6468681297,-11.9236196084,39.6493953128,-11.2964310212
9986.39496106,39.6368559612,-12.0855489861,39.639523716,-11.4481664155
10133.4205708,39.6265730479,-12.2492938866,39.6293891058,-11.6015322345
10282.6107784,39.6160128012,-12.414858492,39.6189853052,-11.7565289055
10433.9974525,39.6051685125,-12.5822462342,39.6083060375,-11.9131560387
10587.6129307,39.5940333533,-12.75145976,39.5973449278,-12.0714123926
10743.4900268,39.5826003752,-12.922500896,39.5860955037,-12.2312958397
10901.6620376,39.5708625105,-13.0953706121,39.5745511968,-12.3928033306
11062.1627502,39.5588125724,-13.2700689847,39.5627053443,-12.5559308583
11225.0264492,39.546443256,-13.4465951585,39.5505511905,-12.7206734218
11390.2879239,39.5337471391,-13.6249473084,39.5380818892,-12.8870249886
11557.9824757,39.5207166833,-13.8051226,39.5252905054,-13.0549784574
11728.1459258,39.507344235,-13.9871171497,39.512170018,-13.2245256203
11900.8146228,39.4936220273,-14.1709259841,39.4987133225,-13.395657124
12076.0254504,39.4795421814,-14.3565429987,39.4849132337,-13.5683624318
12253.8158354,39.4650967086,-14.5439609163,39.4707624889,-13.7426297838
12434.2237555,39.4502775127,-14.7331712444,39.4562537515,-13.9184461584
12617.2877477,39.4350763918,-14.9241642325,39.4413796147,-14.0957972329
12803.0469162,39.4194850417,-15.1169288288,39.4261326054,-14.2746673437
12991.540941,39.4034950583,-15.3114526365,39.4105051884,-14.4550394474
13182.8100862,39.387097941,-15.5077218698,39.3944897711,-14.6368950811
13376.8952088,39.3702850962,-15.7057213095,39.3780787086,-14.8202143236
13573.8377674,39.3530478408,-15.905434259,39.3612643084,-15.0049757561
13773.6798307,39.3353774068,-16.1068424989,39.3440388366,-15.1911564239
13976.464087,39.317264945,-16.3099262431,39.326394523,-15.3787317982
14182.233853,39.2987015301,-16.5146640938,39.3083235681,-15.5676757386
14391.0330831,39.2796781655,-16.7210329971,39.2898181489,-15.7579604558
14602.9063789,39.260185789,-16.9290081987,39.2708704262,-15.9495564758
14817.8989986,39.2402152776,-17.1385631996,39.2514725517,-16.1424326046
15036.0568667,39.2197574545,-17.3496697132,39.2316166755,-16.3365558934
15257.4265839,39.1988030945,-17.5622976214,39.2112949541,-16.5318916062
15482.055437,39.1773429314,-17.7764149327,39.1904995586,-16.728403187
15709.9914088,39.1553676643,-17.9919877401,39.1692226833,-16.9260522298
15941.2831887,39.1328679657,-18.2089801801,39.1474565545,-17.1247984495
16175.980183,39.1098344886,-18.427354393,39.1251934402,-17.3245996542
16414.1325251,39.0862578747,-18.6470704836,39.1024256593,-17.5254117198
16655.7910867,39.0621287629,-18.8680864838,39.0791455917,-17.7271885663
16901.0074886,39.0374377982,-19.090358316,39.0553456887,-17.9298821362
17149.8341113,39.0121756402,-19.313839758,39.0310184836,-18.1334423751
17402.3241066,38.9863329732,-19.5384824097,39.0061566025,-18.3378172146
17658.5314089,38.9599005157,-19.7642356615,38.9807527757,-18.542952558
17918.5107465,38.9328690302,-19.9910466643,38.9547998489,-18.7487922682
18182.3176536,38.9052293343,-20.2188603015,38.9282907955,-18.9552781587
18450.0084819,38.8769723106,-20.4476191636,38.9012187283,-19.1623499879
18721.6404128,38.8480889184,-20.6772635239,38.8735769119,-19.3699454554
18997.2714696,38.8185702049,-20.9077313183,38.8453587754,-19.5780002027
19276.9605298,38.7884073164,-21.1389581254,38.8165579249,-19.7864478169
19560.7673376,38.7575915108,-21.3708771514,38.7871681566,-19.995219837
19848.752517,38.7261141693,-21.6034192162,38.7571834698,-20.2042457653
20140.9775844,38.6939668087,-21.8365127429,38.7265980804,-20.4134530816
20437.5049621,38.6611410942,-22.0700837502,38.695406434,-20.6227672612
20738.397991,38.6276288524,-22.3040558483,38.6636032196,-20.8321117972
21043.720945,38.5934220836,-22.5383502369,38.6311833829,-21.0414082267
21353.539044,38.5585129753,-22.7728857076,38.5981421401,-21.250576161
21667.9184682,38.5228939156,-23.007578649,38.5644749912,-21.4595333205
21986.9263721,38.4865575062,-23.2423430554,38.5301777341,-21.668195573
22310.630899,38.4494965758,-23.4770905389,38.4952464773,-21.8764769769
22639.1011952,38.4117041938,-23.7117303451,38.4596776539,-22.0842898289
22972.4074253,38.3731736837,-23.9461693729,38.4234680347,-22.2915447158
23310.6207868,38.3338986366,-24.1803121966,38.3866147414,-22.4981505703
23653.8135252,38.2938729245,-24.4140610932,38.3491152593,-22.7040147324
24002.0589501,38.2530907141,-24.6473160723,38.31096745,-22.909043014
24355.4314499,38.2115464797,-24.8799749103,38.2721695642,-23.1131397685
24714.0065085,38.1692350165,-25.1119331878,38.2327202533,-23.3162079646
25077.8607212,38.1261514537,-25.3430843309,38.1926185815,-23.5181492643
25447.0718106,38.0822912676,-25.5733196559,38.1518640371,-23.7188641056
25821.7186439,38.0376502937,-25.802528418,38.1104565433,-23.9182517885
26201.8812494,37.9922247396,-26.0305978627,38.0683964689,-24.1162105657
26587.6408335,37.946011197,-26.2574132811,38.0256846385,-24.3126377372
26979.0797982,37.8990066535,-26.4828580688,37.9823223413,-24.5074297483
27376.2817587,37.851208504,-26.706813787,37.9383113411,-24.7004822916
27779.3315613,37.8026145622,-26.9291602277,37.8936538836,-24.8916904126
28188.3153013,37.7532230713,-27.1497754809,37.848352705,-25.0809486182
28603.3203417,37.703032714,-27.3685360055,37.8024110384,-25.2681509885
29024.4353316,37.6520426229,-27.5853167021,37.7558326208,-25.4531912921
29451.7502253,37.6002523901,-27.7999909886,37.7086216982,-25.6359631035
29885.3563015,37.5476620756,-28.0124308778,37.6607830311,-25.816359923
30325.3461826,37.4942722168,-28.2225070571,37.6123218986,-25.9942752995
30771.8138549,37.4400838355,-28.4300889706,37.5632441014,-26.169602955
31224.8546881,37.3850984464,-28.6350449018,37.513555965,-26.3422369106
31684.5654563,37.3293180636,-28.8372420591,37.4632643414,-26.5120716149
32151.0443582,37.2727452072,-29.0365466607,37.4123766097,-26.6790020727
32624.3910382,37.2153829092,-29.2328240223,37.3609006768,-26.8429239756
33104.7066078,37.157234719,-29.4259386444,37.3088449764,-27.0037338329
33592.0936671,37.0983047079,-29.6157543005,37.2562184676,-27.1613291028
34086.6563269,37.0385974742,-29.802134125,37.203030632,-27.3156083247
34588.5002305,36.9781181459,-29.9849407023,37.1492914714,-27.4664712502
35097.7325766,36.9168723848,-30.1640361543,37.0950115027,-27.6138189747
35614.4621424,36.8548663884,-30.339282228,37.0402017532,-27.757554068
36138.7993063,36.7921068929,-30.5105403828,36.984873755,-27.8975807041
36670.8560719,36.7286011742,-30.6776718761,36.9290395376,-28.0338047895
37210.7460916,36.6643570493,-30.8405378483,36.8727116212,-28.1661340906
37758.5846914,36.599382877,-30.9989994058,36.8159030074,-28.2944783588
38314.4888949,36.5336875581,-31.152917703,36.7586271705,-28.4187494541
38878.5774486,36.4672805354,-31.3021540223,36.7008980471,-28.5388614663
39450.9708475,36.4001717929,-31.4465698517,36.6427300255,-28.6547308332
40031.7913604,36.332371855,-31.5860269604,36.5841379339,-28.7662764573
40621.1630562,36.2638917851,-31.7203874726,36.5251370281,-28.873419818
41219.2118305,36.194743184,-31.8495139377,36.4657429783,-28.9760850818
41826.0654323,36.1249381885,-31.9732693988,36.4059718551,-29.0741992088
42441.8534916,36.0544894684,-32.0915174573,36.3458401153,-29.1676920548
43066.7075467,35.9834102252,-32.2041223359,36.2853645866,-29.2564964712
43700.7610726,35.9117141888,-32.3109489371,36.2245624515,-29.3405483989
44344.1495093,35.8394156155,-32.4118629,36.1634512312,-29.4197869601
44997.0102908,35.7665292849,-32.5067306521,36.1020487685,-29.4941545436
45659.4828747,35.6930704977,-32.5954194597,36.0403732103,-29.5635968879
46331.7087716,35.6190550725,-32.6777974737,35.9784429894,-29.6280631574
47013.8315755,35.5444993433,-32.7537337724,35.916276806,-29.6875060156
47705.9969945,35.4694201572,-32.8230984008,35.8538936086,-29.7418816923
48408.3528819,35.3938348717,-32.8857624066,35.7913125751,-29.7911500462
49121.049268,35.3177613525,-32.9415978731,35.7285530923,-29.8352746223
49844.2383915,35.2412179716,-32.9904779482,35.665634736,-29.8742227041
50578.0747327,35.1642236055,-33.0322768704,35.602577251,-29.9079653602
51322.7150464,35.0867976338,-33.0668699914,35.5394005297,-29.9364774861
52078.3183949,35.008959938,-33.0941337959,35.4761245914,-29.9597378398
52845.0461826,34.9307309011,-33.113945918,35.4127695611,-29.9777290727
53623.0621899,34.8521314073,-33.1261851543,35.3493556484,-29.9904377538
54412.5326089,34.7731828424,-33.1307314749,35.2859031252,-29.9978543895
55213.626078,34.6939070945,-33.1274660311,35.2224323052,-29.9999734371
56026.5137187,34.6143265555,-33.1162711606,35.1589635213,-29.9967933125
56851.3691718,34.5344641235,-33.09703039,35.0955171042,-29.9883163929
57688.3686344,34.454343205,-33.0696284358,35.0321133609,-29.974549013
58537.6908979,34.3739877192,-33.033951202,34.9687725527,-29.9555014561
59399.5173857,34.2934221013,-32.989885777,34.9055148738,-29.9311879393
60274.0321926,34.2126713087,-32.937320428,34.8423604298,-29.9016265931
61161.4221234,34.1317608259,-32.8761445937,34.7793292164,-29.8668394356
62061.8767333,34.0507166724,-32.8062488763,34.7164410981,-29.8268523407
62975.5883683,33.9695654097,-32.727525032,34.6537157873,-29.7816950011
63902.752206,33.8883341505,-32.6398659602,34.5911728238,-29.731400886
64843.5662979,33.8070505689,-32.5431656928,34.5288315542,-29.6760071928
65798.2316109,33.7257429106,-32.4373193823,34.4667111118,-29.6155547942
66766.952071,33.644440006,-32.3222232903,34.4048303971,-29.5500881798
67749.9346063,33.5631712826,-32.197774776,34.3432080582,-29.4796553924
68747.3891915,33.4819667802,-32.0638722842,34.2818624722,-29.4043079595
69759.5288928,33.4008571669,-31.9204153356,34.2208117265,-29.3241008198
70786.569913,33.3198737556,-31.7673045163,34.1600736007,-29.2390922451
71828.7316383,33.2390485233,-31.6044414697,34.0996655498,-29.1493437576
72886.2366845,33.1584141313,-31.4317288892,34.0396046864,-29.0549200422
73959.3109451,33.0780039462,-31.2490705136,33.9799077652,-28.9558888553
75048.1836392,32.997852064,-31.0563711238,33.9205911668,-28.8523209288
76153.0873608,32.9179933343,-30.8535365428,33.8616708829,-28.7442898706
77274.2581282,32.8384633876,-30.6404736382,33.8031625018,-28.6318720607
78411.9354343,32.7592986634,-30.4170903284,33.7450811946,-28.5151465447
79566.3622982,32.6805364409,-30.1832955924,33.6874417024,-28.3941949228
80737.7853168,32.6022148711,-29.9389994835,33.6302583239,-28.2691012367
81926.4547175,32.5243730117,-29.6841131485,33.5735449041,-28.1399518528
83132.6244118,32.4470508633,-29.4185488514,33.5173148234,-28.006835343
84356.5520493,32.370289409,-29.1422200028,33.4615809877,-27.8698423634
85598.499073,32.294130655,-28.8550411959,33.4063558195,-27.7290655301
86858.7307748,32.2186176753,-28.5569282491,33.3516512494,-27.5845992938
88137.5163528,32.1437946576,-28.2477982565,33.2974787089,-27.436539812
89435.1289679,32.0697069532,-27.9275696458,33.2438491235,-27.2849848207
90751.845803,31.996401129,-27.5961622464,33.1907729074,-27.1300335039
92087.9481216,31.9239250233,-27.2534973657,33.1382599583,-26.9717863634
93443.7213284,31.852327804,-26.8994978778,33.0863196537,-26.8103450868
94819.4550298,31.7816600315,-26.5340883222,33.0349608476,-26.6458124165
96215.4430959,31.7119737244,-26.1571950163,32.9841918682,-26.4782920173
97631.9837235,31.6433224291,-25.7687461813,32.9340205168,-26.3078883458
99069.3794996,31.5757612946,-25.3686720828,32.8844540669,-26.1347065189
100527.937466,31.5093471501,-24.9569051886,32.8354992649,-25.9588521839
102007.969185,31.4441385892,-24.5333803438,32.7871623312,-25.7804313897
103509.790806,31.3801960576,-24.0980349657,32.7394489617,-25.5995504593
105033.723132,31.3175819468,-23.6508092602,32.6923643313,-25.4163158632
106580.091691,31.2563606941,-23.1916464616,32.6459130972,-25.2308340959
108149.226802,31.1965988874,-22.720493098,32.600099403,-25.0432115538
109741.463647,31.1383653782,-22.2372992853,32.5549268844,-24.8535544153
111357.142345,31.0817314006,-21.7420190513,32.5103986744,-24.6619685236
112996.608019,31.0267706981,-21.2346106947,32.4665174104,-24.4685592731
114660.210877,30.973559659,-20.7150371813,32.4232852411,-24.2734314972
116348.306279,30.9221774602,-20.1832665812,32.3807038342,-24.076689361
118061.254819,30.8727062206,-19.6392725517,32.3387743855,-23.8784362561
119799.4224,30.825231165,-19.0830348708,32.2974976274,-23.6787746994
121563.180312,30.7798407985,-18.5145400263,32.2568738386,-23.4778062358
123352.90531,30.7366270938,-17.9337818665,32.2169028545,-23.2756313448
125168.979698,30.6956856902,-17.3407623201,32.1775840775,-23.0723493499
127011.791406,30.6571161081,-16.7354921917,32.1389164882,-22.868058334
128881.734078,30.6210219774,-16.1179920431,32.1008986569,-22.6628550572
130779.207151,30.5875112838,-15.4882931687,32.0635287552,-22.4568348798
132704.615944,30.5566966318,-14.846438678,32.0268045686,-22.2500916893
134658.371743,30.528695528,-14.1924846958,31.9907235084,-22.0427178319
136640.891891,30.5036306865,-13.5265016966,31.9552826251,-21.8348040484
138652.599872,30.4816303558,-12.8485759884,31.9204786206,-21.6264394139
140693.925406,30.4628286732,-12.1588113654,31.8863078622,-21.417711283
142765.304543,30.4473660457,-11.4573309509,31.852766395,-21.2087052385
144867.179747,30.4353895619,-10.7442792561,31.8198499562,-20.999505045
147000,30.4270534373,-10.0198244826,31.7875539878,-20.7901926066
