frequency_hz,oscon_magnitude_db,oscon_phase_deg,ceramic_magnitude_db,ceramic_phase_deg
100,5.72399428522e-06,-7.65349667541e-08,3.88375997575e-06,4.08843341545e-10
101.472259111,5.89377834821e-06,-7.99653489678e-08,3.99895984426e-06,4.27168208048e-10
102.966193692,6.06859849848e-06,-8.35494844899e-08,4.11757676735e-06,4.46314419389e-10
104.48212286,6.24860410802e-06,-8.72942645641e-08,4.23971209759e-06,4.66318788004e-10
106.020370434,6.43394898662e-06,-9.12068895577e-08,4.36547020394e-06,4.87219775617e-10
107.581264998,6.62479150146e-06,-9.52948823294e-08,4.49495853732e-06,5.09057573225e-10
109.165139974,6.82129472175e-06,-9.95661030374e-08,4.62828775024e-06,5.31874167877e-10
110.772333694,7.02362655568e-06,-1.04028764122e-07,4.76557176618e-06,5.55713431966e-10
112.403189469,7.23195988345e-06,-1.08691446108e-07,4.90692789145e-06,5.80621200112e-10
114.058055668,7.44647271742e-06,-1.13563114103e-07,5.05247692131e-06,6.06645366991e-10
115.737285785,7.66734835054e-06,-1.18653134989e-07,5.20234321708e-06,6.33835969655e-10
117.44123852,7.89477551453e-06,-1.23971295564e-07,5.3566548392e-06,6.62245289244e-10
119.170277855,8.12894853226e-06,-1.29527821199e-07,5.51554364949e-06,6.91927949608e-10
120.924773129,8.37006749901e-06,-1.35333395613e-07,5.67914540949e-06,7.22941026015e-10
122.705099119,8.61833843484e-06,-1.41399181379e-07,5.8475999174e-06,7.55344145321e-10
124.511636121,8.87397348326e-06,-1.4773684133e-07,6.02105111799e-06,7.89199615646e-10
126.344770029,9.1371910597e-06,-1.54358561081e-07,6.19964721835e-06,8.24572529645e-10
128.204892417,9.40821608488e-06,-1.61277072425e-07,6.38354082866e-06,8.61530903509e-10
130.092400627,9.6872801295e-06,-1.68505677712e-07,6.57288908561e-06,9.00145798092e-10
132.007697849,9.97462164368e-06,-1.76058275637e-07,6.76785378359e-06,9.40491458687e-10
133.951193208,1.02704861422e-05,-1.83949387724e-07,6.96860151352e-06,9.82645465665e-10
135.923301855,1.05751264299e-05,-1.9219418638e-07,7.1753038152e-06,1.02668887114e-09
137.924445051,1.08888028047e-05,-2.00808524137e-07,7.38813731429e-06,1.07270635504e-09
139.955050261,1.12117832865e-05,-2.09808963935e-07,7.60728387461e-06,1.12078640062e-09
142.01555124,1.15443438412e-05,-2.19212811032e-07,7.8329307467e-06,1.17102145749e-09
144.106388133,1.18867686316e-05,-2.29038146485e-07,8.065270751e-06,1.22350811247e-09
146.228007562,1.22393502311e-05,-2.3930386162e-07,8.30450241675e-06,1.27834728604e-09
148.380862727,1.26023899074e-05,-2.50029694397e-07,8.55083016131e-06,1.3356444226e-09
150.565413498,1.29761978502e-05,-2.61236267629e-07,8.80446447534e-06,1.39550968767e-09
152.782126517,1.33610934619e-05,-2.72945128356e-07,9.06562207898e-06,1.45805819464e-09
155.031475296,1.37574056093e-05,-2.85178789314e-07,9.33452613213e-06,1.52341020201e-09
157.313940316,1.41654729155e-05,-2.97960772263e-07,9.61140640991e-06,1.59169137275e-09
159.630009136,1.45856440446e-05,-3.11315653279e-07,9.89649949553e-06,1.66303299169e-09
161.98017649,1.50182780131e-05,-3.25269109911e-07,1.01900490117e-05,1.73757223732e-09
164.364944398,1.54637444724e-05,-3.39847970544e-07,1.04923057847e-05,1.81545242406e-09
166.784822268,1.59224240417e-05,-3.55080265953e-07,1.08035280852e-05,1.89682330352e-09
169.24032701,1.63947086305e-05,-3.7099528339e-07,1.1123981858e-05,1.98184133165e-09
171.731983145,1.68810017761e-05,-3.87623622602e-07,1.14539409205e-05,2.07066997621e-09
174.260322914,1.73817189749e-05,-4.04997254945e-07,1.17936872214e-05,2.16348003825e-09
176.825886396,1.78972880553e-05,-4.23149584614e-07,1.2143511068e-05,2.26044996736e-09
179.429221619,1.8428149528e-05,-4.42115513046e-07,1.25037113847e-05,2.36176621423e-09
182.070884683,1.89747569742e-05,-4.61931505842e-07,1.28745959522e-05,2.46762358469e-09
184.751439872,1.95375774252e-05,-4.82635663107e-07,1.32564816949e-05,2.57822562492e-09
187.471459779,2.01170917638e-05,-5.04267792432e-07,1.3649694922e-05,2.69378499254e-09
190.231525427,2.07137951367e-05,-5.26869485692e-07,1.40545716376e-05,2.81452388219e-09
193.032226393,2.13281973694e-05,-5.5048419876e-07,1.44714577959e-05,2.94067444795e-09
195.874160935,2.19608234213e-05,-5.75157335234e-07,1.4900709625e-05,3.07247924899e-09
198.757936116,2.26122138117e-05,-6.0093633366e-07,1.53426939215e-05,3.21019171245e-09
201.68416794,2.32829250832e-05,-6.278707588e-07,1.57977883483e-05,3.35407663499e-09
204.653481479,2.39735303062e-05,-6.5601239683e-07,1.6266381785e-05,3.50441066427e-09
207.666511007,2.46846195271e-05,-6.85415354713e-07,1.67488746346e-05,3.66148287041e-09
210.723900137,2.5416800304e-05,-7.16136164928e-07,1.72456791808e-05,3.82559526009e-09
213.826301957,2.61706982061e-05,-7.48233892994e-07,1.77572199441e-05,3.99706338373e-09
216.97437917,2.694695736e-05,-7.81770252427e-07,1.82839340295e-05,4.17621693806e-09
220.168804237,2.77462409931e-05,-8.16809722005e-07,1.8826271506e-05,4.36340039513e-09
223.410259518,2.85692320083e-05,-8.53419670911e-07,1.93846957985e-05,4.55897366692e-09
226.699437419,2.94166335475e-05,-8.91670487312e-07,1.99596840732e-05,4.76331279496e-09
230.037040543,3.02891696278e-05,-9.31635714245e-07,2.05517276583e-05,4.97681067862e-09
233.423781832,3.11875857161e-05,-9.73392190856e-07,2.11613324409e-05,5.19987782834e-09
236.860384728,3.21126494022e-05,-1.01702020001e-06,2.17890193246e-05,5.43294314993e-09
240.347583324,3.30651510357e-05,-1.06260362278e-06,2.2435324663e-05,5.67645477848e-09
243.886122518,3.40459044021e-05,-1.1102300996e-06,2.31008007227e-05,5.93088092478e-09
247.476758179,3.50557474234e-05,-1.15999119879e-06,2.37860161405e-05,6.19671080555e-09
251.1202573,3.60955428737e-05,-1.21198259262e-06,2.44915564323e-05,6.4744555411e-09
254.817398169,3.71661791095e-05,-1.26630424116e-06,2.52180244754e-05,6.76464918186e-09
258.568970531,3.8268570836e-05,-1.32306058445e-06,2.59660410274e-05,7.06784970072e-09
262.375775759,3.94036598819e-05,-1.38236074336e-06,2.67362452697e-05,7.3846400895e-09
266.238627024,4.05724160097e-05,-1.44431872929e-06,2.75292953286e-05,7.71562946309e-09
270.158349468,4.17758377332e-05,-1.50905366321e-06,2.83458688651e-05,8.06145423822e-09
274.135780384,4.30149531891e-05,-1.57669000496e-06,2.91866636345e-05,8.42277936805e-09
278.171769388,4.42908209935e-05,-1.64735779241e-06,3.0052398084e-05,8.80029960327e-09
282.267178608,4.56045311598e-05,-1.72119289108e-06,3.09438119892e-05,9.19474082298e-09
286.422882864,4.69572060223e-05,-1.79833725568e-06,3.18616670521e-05,9.60686145414e-09
290.639769855,4.83500011968e-05,-1.87893920303e-06,3.28067475682e-05,1.00374539236e-08
294.918740348,4.97841065775e-05,-1.96315369697e-06,3.3779861111e-05,1.04873461601e-08
299.260708374,5.1260747334e-05,-2.05114264623e-06,3.47818392017e-05,1.09574032088e-08
303.66660142,5.27811849683e-05,-2.14307521582e-06,3.58135380184e-05,1.14485288937e-08
308.137360628,5.43467183886e-05,-2.23912815213e-06,3.68758391483e-05,1.19616675473e-08
312.673940996,5.5958685032e-05,-2.33948612249e-06,3.79696503229e-05,1.24978058183e-08
317.277311581,5.76184619715e-05,-2.44434207062e-06,3.90959061965e-05,1.30579745881e-08
321.948455709,5.93274671343e-05,-2.55389758685e-06,4.02555691489e-05,1.364325094e-08
326.688371183,6.10871604885e-05,-2.66836329622e-06,4.14496301127e-05,1.42547602402e-08
331.498070494,6.28990452842e-05,-2.78795926291e-06,4.26791094062e-05,1.48936782963e-08
336.378581041,6.4764669358e-05,-2.91291541344e-06,4.39450576148e-05,1.55612336128e-08
341.330945349,6.6685626428e-05,-3.04347197857e-06,4.52485564919e-05,1.6258709751e-08
346.356221292,6.86635574813e-05,-3.17987995507e-06,4.65907198726e-05,1.69874478205e-08
351.455482318,7.0700152154e-05,-3.32240158796e-06,4.79726946304e-05,1.7748849032e-08
356.62981768,7.27971501853e-05,-3.47131087493e-06,4.93956616646e-05,1.85443774029e-08
361.880332665,7.49563428934e-05,-3.62689409258e-06,5.08608368955e-05,1.93755625744e-08
367.208148835,7.71795747076e-05,-3.78945034698e-06,5.23694723172e-05,2.02440027495e-08
372.614404264,7.94687447524e-05,-3.95929214815e-06,5.39228570602e-05,2.11513677466e-08
378.100253782,8.18258084493e-05,-4.13674601144e-06,5.55223184887e-05,2.20994022514e-08
383.666869218,8.42527792045e-05,-4.32215308385e-06,5.71692233444e-05,2.30899291556e-08
389.315439658,8.67517301097e-05,-4.5158698011e-06,5.8864978911e-05,2.41248530389e-08
395.047171691,8.93247957278e-05,-4.71826857131e-06,6.06110342098e-05,2.52061638497e-08
400.863289671,9.19741738994e-05,-4.92973849191e-06,6.24088812536e-05,2.63359407378e-08
406.765035977,9.47021276311e-05,-5.15068609659e-06,6.42600563074e-05,2.75163560395e-08
412.753671282,9.75109870119e-05,-5.38153613714e-06,6.61661412061e-05,2.87496794675e-08
418.830474815,0.000100403151215,-5.62273239907e-06,6.81287647077e-05,3.00382824654e-08
424.996744642,0.000103381090537,-5.87473855476e-06,7.0149603878e-05,3.13846427648e-08
431.253797939,0.000106447348514,-6.13803905565e-06,7.22303855393e-05,3.27913491644e-08
437.602971272,0.000109604544064,-6.41314006067e-06,7.43728877276e-05,3.42611064853e-08
444.045620889,0.00011285537377,-6.70057041146e-06,7.65789412245e-05,3.57967408067e-08
450.583123001,0.000116202614122,-7.00088264727e-06,7.88504311203e-05,3.74012048522e-08
457.216874085,0.000119649123939,-7.31465406627e-06,8.11892984192e-05,3.90775837204e-08
463.948291172,0.000123197846768,-7.64248783687e-06,8.35975416972e-05,4.08291007769e-08
470.778812162,0.000126851813413,-7.98501415449e-06,8.60772188281e-05,4.26591238725e-08
477.709896119,0.000130614144517,-8.34289145354e-06,8.86304487135e-05,4.45711718035e-08
484.743023591,0.000134488053221,-8.71680767249e-06,9.1259413116e-05,4.65689211082e-08
491.879696923,0.000138476847898,-9.10748157569e-06,9.39663585172e-05,4.86562130857e-08
499.121440578,0.000142583934983,-9.51566413429e-06,9.67535980298e-05,5.08370612635e-08
506.469801464,0.000146812821885,-9.9421399691e-06,9.96235133896e-05,5.31156590035e-08
513.926349263,0.000151167119949,-1.03877288581e-05,0.000102578556973,5.54963876897e-08
521.492676766,0.000155650547564,-1.08532873114e-05,0.000105621253908,5.79838250369e-08
529.170400216,0.000160266933313,-1.13397102167e-05,0.00010875420423,6.05827539828e-08
536.961159648,0.000165020219243,-1.18479325589e-05,0.000111980085088,6.3298171826e-08
544.866619246,0.000169914464231,-1.23789312154e-05,0.000115301653058,6.61352998923e-08
552.888467693,0.00017495384743,-1.29337268341e-05,0.000118721746475,6.90995935073e-08
561.028418535,0.000180142671845,-1.35133857925e-05,0.000122243287877,7.2196752545e-08
569.288210545,0.000185485367977,-1.41190222475e-05,0.000125869286488,7.54327323638e-08
577.669608095,0.000190986497628,-1.47518002746e-05,0.000129602840801,7.88137552397e-08
586.174401534,0.000196650757759,-1.54129361049e-05,0.000133447141227,8.23463223803e-08
594.80440757,0.000202482984504,-1.61037004601e-05,0.000137405472796,8.60372263924e-08
603.561469656,0.000208488157298,-1.68254209938e-05,0.000141481218009,8.98935643331e-08
612.447458386,0.000214671403095,-1.75794848417e-05,0.00014567785969,9.39227514016e-08
621.464271895,0.000221038000753,-1.83673412852e-05,0.000149998983985,9.81325351516e-08
630.613836263,0.000227593385522,-1.91905045351e-05,0.000154448283407,1.02531010413e-07
639.898105925,0.000234343153676,-2.00505566396e-05,0.000159029560021,1.07126634877e-07
649.319064094,0.000241293067261,-2.09491505226e-05,0.000163746728664,1.11928245306e-07
658.878723177,0.000248449059026,-2.18880131573e-05,0.000168603820307,1.16945074611e-07
668.579125213,0.00025581723745,-2.28689488831e-05,0.000173604985491,1.22186769501e-07
678.422342301,0.000263403891958,-2.38938428701e-05,0.000178754497896,1.27663409123e-07
688.41047705,0.00027121549825,-2.49646647381e-05,0.000184056757957,1.33385524434e-07
698.545663023,0.000279258723831,-2.60834723397e-05,0.000189516296658,1.39364118363e-07
708.830065194,0.00028754043368,-2.72524157103e-05,0.000195137779389,1.45610687111e-07
719.265880414,0.000296067696079,-2.84737411957e-05,0.000200926009937,1.5213724217e-07
729.855337874,0.000304847788636,-2.97497957661e-05,0.000206885934591,1.58956333391e-07
740.600699586,0.000313888204464,-3.10830315188e-05,0.000213022646369,1.66081073261e-07
751.504260866,0.000323196658561,-3.24760103891e-05,0.000219341389375,1.73525161933e-07
762.568350819,0.000332781094361,-3.39314090636e-05,0.000225847563276,1.81302913743e-07
773.795332845,0.000342649690483,-3.54520241216e-05,0.000232546727919,1.89429284616e-07
785.187605137,0.000352810867698,-3.70407774007e-05,0.000239444608088,1.97919900901e-07
796.747601196,0.000363273296062,-3.87007216036e-05,0.00024654709839,2.06791089412e-07
808.47779035,0.000374045902301,-4.04350461598e-05,0.0002538602683,2.16059908774e-07
820.380678283,0.000385137877385,-4.22470833429e-05,0.000261390367339,2.2574418232e-07
832.458807567,0.000396558684325,-4.41403146659e-05,0.000269143830433,2.35862532285e-07
844.714758211,0.000408318066223,-4.61183775624e-05,0.000277127283392,2.46434415688e-07
857.151148204,0.000420426054541,-4.81850723635e-05,0.000285347548597,2.57480161702e-07
869.770634083,0.000432892977604,-5.03443695909e-05,0.000293811650804,2.69021010787e-07
882.575911492,0.000445729469379,-5.26004175734e-05,0.000302526823185,2.81079155525e-07
895.569715765,0.000458946478483,-5.49575504029e-05,0.000311500513468,2.93677783291e-07
908.754822505,0.000472555277485,-5.74202962512e-05,0.000320740390351,3.06841120896e-07
922.13404818,0.00048656747246,-5.99933860515e-05,0.000330254350005,3.20594481134e-07
935.710250724,0.000500995012818,-6.26817625732e-05,0.000340050522875,3.34964311461e-07
949.486330147,0.000515850201459,-6.54905899025e-05,0.000350137280595,3.49978244967e-07
963.465229155,0.000531145705168,-6.84252633408e-05,0.000360523243159,3.65665153373e-07
977.649933777,0.000546894565382,-7.14914197543e-05,0.000371217286294,3.8205520267e-07
992.043474005,0.000563110209202,-7.4694948378e-05,0.000382228549036,3.99179911104e-07
1006.64892444,0.000579806460792,-7.8042002107e-05,0.000393566441545,4.17072209807e-07
1021.46940495,0.000596997553066,-8.15390092923e-05,0.000405240653167,4.35766506119e-07
1036.50808134,0.000614698139742,-8.51926860601e-05,0.000417261160689,4.5529874981e-07
1051.76816601,0.000632923307737,-8.90100491859e-05,0.000429638236897,4.75706502196e-07
1067.25291866,0.000651688589935,-9.29984295399e-05,0.000442382459339,4.97029008445e-07
1082.965647,0.000671009978315,-9.71654861356e-05,0.000455504719378,5.19307272955e-07
1098.90970741,0.000690903937471,-0.000101519220803,0.000469016231504,5.42584138348e-07
1115.0885057,0.000711387418534,-0.000106067993522,0.000482928542915,5.66904367801e-07
1131.50549783,0.000732477873488,-0.000110820538431,0.000497253543401,5.92314731208e-07
1148.16419062,0.000754193269912,-0.000115785980562,0.000512003475503,6.18864095162e-07
1165.06814253,0.000776552106132,-0.000120973853314,0.00052719094498,6.46603516856e-07
1182.22096441,0.000799573426868,-0.000126394116708,0.000542828931591,6.75586342409e-07
1199.62632028,0.000823276839263,-0.000132057176461,0.000558930800203,7.05868309452e-07
1217.28792808,0.000847682529444,-0.000137973903902,0.000575510312192,7.37507654377e-07
1235.20956052,0.000872811279526,-0.000144155656789,0.000592581637244,7.70565224267e-07
1253.39504582,0.000898684485126,-0.000150614301043,0.000610159365449,8.05104594169e-07
1271.84826858,0.000925324173396,-0.000157362233456,0.00062825851979,8.41192189188e-07
1290.5731706,0.000952753021541,-0.000164412405415,0.000646894568983,8.78897412369e-07
1309.57375169,0.000980994375931,-0.000171778347677,0.000666083440708,9.18292778282e-07
1328.85407058,0.00101007227173,-0.000179474196253,0.000685841535241,9.59454052423e-07
1348.41824571,0.00104001145311,-0.000187514719446,0.000706185739453,1.00246039704e-06
1368.27045619,0.00107083739401,-0.000195915346089,0.000727133441289,1.04739452348e-06
1388.41494265,0.0011025763196,-0.000204692195049,0.000748702544613,1.09434285134e-06
1408.85600815,0.00113525522823,-0.000213862106038,0.000770911484532,1.14339567461e-06
1429.5980191,0.00116890191413,-0.000223442671799,0.000793779243165,1.19464733559e-06
1450.64540619,0.00120354499069,-0.00023345227173,0.000817325365874,1.24819640627e-06
1472.00266536,0.00123921391446,-0.000243910106997,0.000841569977988,1.3041458782e-06
1493.67435872,0.00127593900984,-0.000254836237213,0.00086653380202,1.36260336043e-06
1515.66511556,0.0013137514944,-0.000266251618755,0.000892238175385,1.42368128679e-06
1537.97963333,0.00135268350509,-0.000278178144776,0.000918705068665,1.48749713216e-06
1560.62267861,0.00139276812505,-0.000290638687008,0.0009459571044,1.55417363854e-06
1583.59908819,0.00143403941126,-0.000303657139412,0.000974017576443,1.62383905131e-06
1606.91377006,0.001476532423,-0.000317258463784,0.00100291046989,1.69662736599e-06
1630.57170445,0.00152028325109,-0.000331468737372,0.00103266048158,1.77267858617e-06
1654.57794494,0.00156532904799,-0.000346315202623,0.0010632930413,1.85213899291e-06
1678.93761949,0.00161170805876,-0.000361826319131,0.00109483433342,1.93516142634e-06
1703.65593157,0.00165945965288,-0.000378031817902,0.00112731131944,2.02190557986e-06
1728.73816125,0.00170862435705,-0.000394962758018,0.00116075176094,2.11253830741e-06
1754.18966634,0.00175924388883,-0.000412651585827,0.00119518424344,2.20723394474e-06
1780.01588353,0.00181136119132,-0.000431132196753,0.00123063820075,2.30617464496e-06
1806.22232956,0.00186502046881,-0.000450439999853,0.0012671439403,2.40955072915e-06
1832.81460238,0.00192026722339,-0.000470611985236,0.00130473266895,2.51756105281e-06
1859.79838236,0.00197714829269,-0.000491686794474,0.00134343651979,2.63041338864e-06
1887.1794335,0.00203571188863,-0.000513704794126,0.0013832885796,2.74832482655e-06
1914.96360466,0.00209600763726,-0.000536708152537,0.00142432291717,2.87152219161e-06
1943.15683081,0.00215808661979,-0.000560740920021,0.00146657461252,3.00024248066e-06
1971.76513431,0.00222200141473,-0.000585849112611,0.00151007978685,3.134733319e-06
2000.79462615,0.00228780614123,-0.000612080799502,0.00155487563356,3.27525343661e-06
2030.25150734,0.00235555650363,-0.000639486194376,0.00160100045,3.4220731669e-06
2060.14207014,0.0024253098373,-0.000668117750763,0.00164849367032,3.57547496699e-06
2090.47269948,0.00249712515573,-0.000698030261616,0.00169739589925,3.73575396163e-06
2121.24987427,0.00257106319898,-0.00072928096329,0.00174774894683,3.9032185118e-06
2152.48016882,0.00264718648342,-0.000761929644116,0.00179959586424,4.07819080828e-06
2184.17025423,0.00272555935294,-0.000796038757772,0.00185298098067,4.26100749245e-06
2216.3268998,0.00280624803154,-0.000831673541653,0.00190794994129,4.4520203046e-06
2248.95697453,0.0028893206774,-0.00086890214047,0.00196454974637,4.6515967614e-06
2282.0674485,0.00297484743842,-0.000907795735296,0.00202282879149,4.86012086397e-06
2315.66539444,0.00306290050937,-0.000948428678308,0.00208283690907,5.07799383753e-06
2349.7579892,0.00315355419054,-0.000990878633456,0.00214462541102,5.30563490446e-06
2384.35251529,0.00324688494809,-0.00103522672334,0.00220824713272,5.54348209188e-06
2419.45636245,0.00334297147596,-0.00108155768253,0.00227375647831,5.79199307587e-06
2455.07702919,0.0034418947596,-0.00112996001766,0.00234120946729,6.05164606293e-06
2491.22212445,0.00354373814137,-0.00118052617455,0.00241066378257,6.32294071193e-06
2527.89936916,0.00364858738771,-0.00123335271265,0.00248217881987,6.60639909673e-06
2565.11659795,0.00375653075824,-0.00128854048718,0.00255581573869,6.90256671249e-06
2602.88176079,0.00386765907661,-0.00134619483925,0.00263163751469,7.21201352689e-06
2641.20292467,0.0039820658034,-0.00140642579429,0.00270970899373,7.53533507912e-06
2680.08827538,0.00409984711089,-0.00146934826924,0.00279009694743,7.87315362736e-06
2719.54611921,0.00422110195988,-0.00153508228875,0.0028728701305,8.22611934883e-06
2759.58488474,0.00434593217861,-0.00160375321091,0.00295809933964,8.59491159303e-06
2800.21312464,0.00447444254374,-0.00167549196277,0.00304585747432,8.98024019181e-06
2841.43951751,0.00460674086352,-0.00175043528626,0.00313621959928,9.38284682794e-06
2883.27286971,0.00474293806317,-0.00182872599474,0.00322926300896,9.80350646551e-06
2925.72211724,0.00488314827251,-0.00191051324084,0.00332506729385,1.02430288445e-05
2968.79632769,0.00502748891592,-0.00199595279592,0.0034237144087,1.07022600427e-05
3012.50470212,0.00517608080467,-0.00208520734174,0.00352528874299,1.11820841075e-05
3056.85657708,0.00532904823164,-0.00217844677479,0.00362987719326,1.16834247616e-05
3101.86142656,0.00548651906855,-0.00227584852393,0.00373756923778,1.22072471851e-05
3147.52886404,0.00564862486568,-0.00237759788174,0.00384845701336,1.27545598778e-05
3193.86864453,0.0058155009542,-0.00248388835033,0.00396263539449,1.33264166054e-05
3240.89066665,0.00598728655111,-0.00259492200208,0.00408020207478,1.39239184333e-05
3288.60497479,0.00616412486686,-0.00271090985613,0.00420125765095,1.45482158514e-05
3337.02176117,0.00634616321576,-0.00283207227101,0.00432590570922,1.52005109956e-05
3386.1513681,0.00653355312916,-0.00295863935434,0.00445425291433,1.58820599682e-05
3436.00429014,0.00672645047145,-0.00309085139028,0.0045864091012,1.65941752632e-05
3486.59117637,0.00692501555899,-0.00322895928526,0.00472248736938,1.73382283012e-05
3537.92283265,0.00712941328209,-0.00337322503307,0.00486260418027,1.81156520777e-05
3590.01022391,0.00733981322984,-0.00352392219989,0.00500687945723,1.8927943931e-05
3642.86447653,0.00755638981818,-0.00368133643022,0.00515543668879,1.97766684351e-05
3696.49688071,0.00777932242096,-0.00384576597446,0.00530840303484,2.06634604225e-05
3750.91889284,0.00800879550431,-0.00401752223918,0.00546590943604,2.15900281432e-05
3806.142138,0.00824499876416,-0.00419693036093,0.00562809072651,2.25581565663e-05
3862.17841242,0.00848812726704,-0.00438432980459,0.00579508574989,2.35697108301e-05
3919.039686,0.0087383815943,-0.00458007498722,0.00596703747891,2.46266398482e-05
3976.73810486,0.00899596798969,-0.00478453592862,0.00614409313843,2.57309800776e-05
4035.28599395,0.00926109851031,-0.00499809892944,0.00632640433235,2.68848594571e-05
4094.69585967,0.00953399118113,-0.00522116727822,0.00651412717415,2.80905015232e-05
4154.98039255,0.00981487015307,-0.00545416198839,0.00670742242146,2.93502297118e-05
4216.15246996,0.0101039658646,-0.0056975225665,0.00690645561461,3.06664718535e-05
4278.22515885,0.0104015152068,-0.00595170781288,0.00711139721936,3.20417648725e-05
4341.21171856,0.0107077616927,-0.00621719665622,0.00732242277395,3.34787596971e-05
4405.12560363,0.0110229556294,-0.00649448902318,0.00753971304047,3.4980226392e-05
4469.98046671,0.0113473542947,-0.00678410674461,0.00776345416087,3.6549059522e-05
4535.79016141,0.0116812221173,-0.00708659449986,0.00799383781765,3.8188283759e-05
4602.56874534,0.0120248308604,-0.00740252080055,0.00823106139933,3.99010597405e-05
4670.33048305,0.0123784598097,-0.00773247901553,0.00847532817093,4.16906901953e-05
4739.08984912,0.012742395965,-0.00807708843848,0.00872684744962,4.35606263431e-05
4808.86153123,0.0131169342355,-0.00843699540009,0.00898583478555,4.55144745861e-05
4879.66043328,0.0135023776394,-0.00881287442621,0.00925251214828,4.75560035014e-05
4951.50167862,0.0138990375068,-0.00920542944414,0.00952710811867,4.96891511507e-05
5024.40061323,0.0143072336871,-0.00961539503863,0.00980985808668,5.19180327199e-05
5098.37280906,0.0147272947597,-0.0100435377597,0.0101010044551,5.4246948505e-05
5173.43406728,0.0151595582492,-0.010490657484,0.0104007968492,5.66803922593e-05
5249.60042171,0.0156043708439,-0.0109575888324,0.0107094923335,5.92230599186e-05
5326.88814223,0.0160620886183,-0.011445202645,0.0110273556337,6.18798587214e-05
5405.31373826,0.0165330772598,-0.0119544075167,0.0113546593669,6.46559167427e-05
5484.89396228,0.0170177122981,-0.0124861513944,0.0116916842774,6.75565928597e-05
5565.64581339,0.0175163793397,-0.0130414232401,0.0120387194807,7.05874871687e-05
5647.58654099,0.0180294743049,-0.0136212547599,0.0123960627143,7.37544518759e-05
5730.73364842,0.0185574036689,-0.0142267222029,0.012764020596,7.70636026808e-05
5815.10489671,0.0191005847065,-0.0148589482329,0.0131429088906,8.05213306769e-05
5900.71830839,0.0196594457392,-0.015519103874,0.0135330527844,8.4134314793e-05
5987.59217133,0.0202344263874,-0.0162084105337,0.0139347871675,8.79095347987e-05
6075.74504263,0.0208259778238,-0.0169281421069,0.0143484569258,9.18542849014e-05
6165.19575261,0.0214345630311,-0.017679627162,0.0147744172406,9.59761879616e-05
6255.96340882,0.022060657062,-0.0184642512139,0.0152130338986,0.000100283210354
6348.06740011,0.0227047473021,-0.019283459085,0.0156646836102,0.000104783677504
6441.52740081,0.0233673337354,-0.0201387573591,0.0161297543381,0.000109486290133
6536.36337489,0.0240489292115,-0.02103171693,0.0166086456362,0.000114400141245
6632.59558024,0.0247500597158,-0.0219639756487,0.0171017689977,0.000119534733879
6730.24457299,0.0254712646406,-0.022937241072,0.0176095482152,0.00012489999968
6829.33121194,0.0262130970584,-0.0239532933167,0.018132419751,0.000130506318311
6929.87666296,0.0269761239964,-0.0250139880219,0.0186708331186,0.000136364537756
7031.90240355,0.0277609267113,-0.0261212594232,0.0192252512769,0.000142485995539
7135.43022739,0.0285681009657,-0.027277123543,0.0197961510349,0.000148882540925
7240.48224906,0.0293982573037,-0.0284836814995,0.0203840234702,0.000155566558128
7347.08090868,0.0302520213273,-0.0297431229388,0.02098937436,0.00016255099058
7455.24897679,0.0311300339715,-0.0310577295937,0.0216127246244,0.000169849366311
7565.00955913,0.0320329517785,-0.0324298789729,0.0222546107849,0.000177475824496
7676.38610165,0.0329614471705,-0.0338620481843,0.0229155854359,0.000185445143207
7789.40239546,0.0339162087204,-0.0353568178968,0.023596217731,0.000193772768446
7904.08258196,0.0348979414196,-0.0369168764441,0.0242970938845,0.000202474844508
8020.45115795,0.0359073669429,-0.0385450240742,0.025018817688,0.000211568245731
8138.5329809,0.0369452239093,-0.0402441773495,0.0257620110438,0.000221070609713
8258.35327425,0.0380122681381,-0.0420173737002,0.0265273145137,0.000231000372048
8379.93763279,0.0391092728999,-0.0438677761362,0.0273153878855,0.000241376802666
8503.31202812,0.0402370291616,-0.0457986781209,0.0281269107571,0.000252220043835
8628.50281423,0.0413963458241,-0.0478135086104,0.0289625831389,0.000263551149928
8755.5367331,0.0425880499525,-0.0499158372632,0.0298231260738,0.000275392129009
8884.44092041,0.0438129869977,-0.0521093798228,0.0307092822785,0.000287765986346
9015.24291136,0.0450720210082,-0.0543980036786,0.0316218168028,0.00030069676993
9147.97064655,0.0463660348311,-0.0567857336078,0.032561517711,0.000314209618093
9282.6524779,0.0476959303015,-0.0592767577015,0.0335291967839,0.000328330809341
9419.3171748,0.0490626284188,-0.0618754334807,0.034525690243,0.000343087814476
9557.99393014,0.0504670695093,-0.0645862942028,0.0355518594971,0.000358509351149
9698.71236665,0.0519102133728,-0.0674140553638,0.0366085919135,0.000374625440933
9841.50254316,0.0533930394131,-0.0703636213994,0.0376968016118,0.000391467469051
9986.39496106,0.0549165467501,-0.0734400925859,0.0388174302842,0.000409068246875
10133.4205708,0.0564817543122,-0.0766487721464,0.0399714480412,0.000427462077335
10282.6107784,0.0580897009081,-0.0799951735622,0.0411598542837,0.000446684823377
10433.9974525,0.0597414452756,-0.0834850280936,0.0423836786037,0.000466773979605
10587.6129307,0.0614380661063,-0.0871242925101,0.0436439817126,0.000487768747274
10743.4900268,0.0631806620439,-0.090919157034,0.0449418563998,0.000509710112782
10901.6620376,0.0649703516552,-0.0948760534951,0.0462784285216,0.000532640929838
11062.1627502,0.0668082733709,-0.0990016637011,0.047654858022,0.000556606005476
11225.0264492,0.0686955853949,-0.103302928021,0.0490723399855,0.000581652190103
11390.2879239,0.0706334655803,-0.107787054184,0.0505321057246,0.000607828471781
11557.9824757,0.0726231112687,-0.112461526289,0.0520354239021,0.00063518607493
11728.1459258,0.0746657390927,-0.117334114029,0.0535836016889,0.000663778563697
11900.8146228,0.0767625847374,-0.122412882126,0.0551779859599,0.000693661950181
12076.0254504,0.0789149026598,-0.12770619997,0.056819964529,0.000724894807777
12253.8158354,0.0811239657632,-0.133222751469,0.0585109674231,0.000757538389887
12434.2237555,0.0833910650245,-0.13897154509,0.0602524681987,0.000791656754238
12617.2877477,0.0857175090715,-0.14496192411,0.0620459853009,0.000827316893112
12803.0469162,0.088104623708,-0.151203577043,0.063893083467,0.000864588869754
12991.540941,0.0905537513842,-0.15770654826,0.0657953751763,0.000903545961279
13182.8100862,0.0930662506088,-0.164481248783,0.0677545221476,0.000944264808389
13376.8952088,0.0956434953013,-0.171538467245,0.069772236886,0.000986825572237
13573.8377674,0.0982868740812,-0.178889381015,0.0718502842811,0.0010313120988
13773.6798307,0.100997789491,-0.186545567461,0.0739904832579,0.00107781209115
13976.464087,0.103777657151,-0.194519015358,0.0761947084836,0.00112641728992
14182.233853,0.106627904841,-0.202822136415,0.0784648921302,0.0011772236626
14391.0330831,0.10954997151,-0.21146777691,0.0808030256971,0.00123033160179
14602.9063789,0.112545306209,-0.220469229418,0.0832111618948,0.00128584613315
14817.8989986,0.115615366935,-0.22984024462,0.0856914165916,0.00134387713337
15036.0568667,0.11876161941,-0.239595043159,0.0882459708272,0.00140453955874
15257.4265839,0.121985535752,-0.249748327545,0.0908770728937,0.00146795368477
15482.055437,0.125288593078,-0.260315294063,0.0935870404887,0.00153424535759
15709.9914088,0.128672271999,-0.271311644684,0.0963782629405,0.00160354625756
15941.2831887,0.132138055034,-0.282753598938,0.0992532035117,0.00167599417576
16175.980183,0.135687424921,-0.294657905725,0.10221440178,0.00175173330416
16414.1325251,0.139321862828,-0.307041855042,0.105264476105,0.00183091453995
16655.7910867,0.143042846466,-0.319923289595,0.108406126175,0.00191369580497
16901.0074886,0.146851848102,-0.333320616252,0.111642135648,0.00200024238088
17149.8341113,0.150750332456,-0.347252817322,0.114975374884,0.002090727261
17402.3241066,0.154739754502,-0.361739461607,0.118408803772,0.00218533151962
17658.5314089,0.158821557158,-0.376800715207,0.121945474658,0.00228424469974
17918.5107465,0.162997168856,-0.39245735202,0.125588535375,0.00238766522023
18182.3176536,0.167268001019,-0.408730763912,0.129341232387,0.00249580080336
18450.0084819,0.171635445406,-0.425642970508,0.133206914037,0.00260886892392
18721.6404128,0.176100871363,-0.443216628561,0.137189033919,0.00272709728097
18997.2714696,0.180665622948,-0.461475040849,0.14129115437,0.00285072429346
19276.9605298,0.185331015951,-0.480442164557,0.145516950088,0.00297999962113
19560.7673376,0.190098334797,-0.500142619104,0.14987021188,0.00311518471187
19848.752517,0.194968829346,-0.52060169334,0.154354850556,0.00325655337716
20140.9775844,0.199943711576,-0.54184535209,0.158974900959,0.00340439239699
20437.5049621,0.205024152159,-0.563900241973,0.163734526144,0.00355900215603
20738.397991,0.210211276943,-0.586793696453,0.168638021722,0.00372069731265
21043.720945,0.215506163316,-0.610553740066,0.173689820356,0.00388980750274
21353.539044,0.220909836483,-0.635209091758,0.178894496437,0.00406667808012
21667.9184682,0.226423265645,-0.660789167305,0.18425677093,0.00425167089584
21986.9263721,0.232047360091,-0.687324080722,0.189781516406,0.00444516511831
22310.630899,0.237782965201,-0.71484464465,0.195473762276,0.00464755809678
22639.1011952,0.243630858374,-0.743382369622,0.201338700215,0.00485926627057
22972.4074253,0.249591744887,-0.772969462197,0.207381689807,0.0050807261267
23310.6207868,0.255666253681,-0.803638821874,0.213608264405,0.00531239520874
23653.8135252,0.261854933105,-0.835424036755,0.220024137226,0.00555475317981
24002.0589501,0.268158246596,-0.868359377907,0.226635207688,0.00580830294302
24355.4314499,0.274576568335,-0.902479792359,0.233447567996,0.00607357182259
24714.0065085,0.281110178864,-0.937820894719,0.240467509998,0.00635111280946
25077.8607212,0.287759260696,-0.974418957332,0.247701532317,0.00664150587495
25447.0718106,0.294523893909,-1.01231089897,0.255156347774,0.00694535935694
25821.7186439,0.301404051756,-1.05153427203,0.262838891116,0.00726331142259
26201.8812494,0.308399596284,-1.0921272481,0.270756327066,0.00759603161253
26587.6408335,0.315510273996,-1.13412860213,0.278916058705,0.00794422247148
26979.0797982,0.322735711553,-1.17757769478,0.287325736212,0.00830862127049
27376.2817587,0.330075411535,-1.22251445337,0.295993265969,0.0086900018267
27779.3315613,0.337528748289,-1.26897935108,0.304926820061,0.00908917642669
28188.3153013,0.345094963854,-1.31701338462,0.314134846176,0.00950699785986
28603.3203417,0.352773164006,-1.36665805015,0.323626077947,0.00994436156898
29024.4353316,0.360562314423,-1.41795531779,0.333409545734,0.0104022079254
29451.7502253,0.368461236984,-1.47094760432,0.343494587891,0.0108815246369
29885.3563015,0.376468606238,-1.52567774448,0.353890862534,0.011383349297
30325.3461826,0.384582946033,-1.58218896068,0.36460835983,0.0119087720847
30771.8138549,0.39280262635,-1.64052483116,0.375657414848,0.0124589386252
31224.8546881,0.401125860332,-1.70072925682,0.387048721002,0.0130350530215
31684.5654563,0.409550701547,-1.76284642656,0.398793344104,0.0136383810693
32151.0443582,0.418075041486,-1.82692078139,0.410902737075,0.0142702536671
32624.3910382,0.426696607323,-1.89299697721,0.423388755355,0.0149320704345
33104.7066078,0.43541295994,-1.9611198465,0.436263673026,0.0156253035547
33592.0936671,0.444221492248,-2.03133435892,0.449540199726,0.0163515018545
34086.6563269,0.453119427801,-2.10368558092,0.463231498367,0.0171122951403
34588.5002305,0.462103819733,-2.17821863459,0.477351203725,0.0179093988078
35097.7325766,0.471171550015,-2.25497865561,0.491913441941,0.0187446187446
35614.4621424,0.480319329056,-2.33401075078,0.506932850999,0.0196198565471
36138.7993063,0.489543695649,-2.4153599549,0.522424602231,0.0205371150755
36670.8560719,0.498841017276,-2.49907118744,0.538404422913,0.0214985043697
37210.7460916,0.508207490781,-2.58518920897,0.554888620024,0.0225062479555
37758.5846914,0.517639143406,-2.67375857752,0.571894105241,0.0235626895689
38314.4888949,0.527131834213,-2.76482360512,0.58943842124,0.0246703003299
38878.5774486,0.536681255876,-2.85842831456,0.607539769393,0.0258316864026
39450.9708475,0.546282936857,-2.95461639665,0.626217038957,0.0270495971755
40031.7913604,0.555932243959,-3.05343116801,0.645489837835,0.0283269340068
40621.1630562,0.56562438525,-3.15491552976,0.665378525036,0.0296667595768
41219.2118305,0.575354413372,-3.25911192701,0.685904244923,0.0310723078961
41826.0654323,0.585117229197,-3.36606230957,0.707088963395,0.0325469950245
42441.8534916,0.594907585852,-3.47580809395,0.728955506118,0.0340944305563
43066.7075467,0.604720093085,-3.58839012667,0.751527598949,0.0357184299374
43700.7610726,0.614549221969,-3.70384864936,0.774829910721,0.0374230276824
44344.1495093,0.624389309916,-3.82222326552,0.798888098534,0.0392124915687
44997.0102908,0.634234566005,-3.94355290916,0.823728855759,0.0410913378906
45659.4828747,0.644079076589,-4.06787581561,0.849379962926,0.0430643478662
46331.7087716,0.653916811173,-4.1952294944,0.875870341729,0.0451365852967
47013.8315755,0.663741628527,-4.32565070456,0.903230112371,0.0473134155908
47705.9969945,0.673547283034,-4.45917543227,0.93149065451,0.0496005262756
48408.3528819,0.683327431226,-4.59583887112,0.960684672064,0.0520039491302
49121.049268,0.693075638494,-4.73567540495,0.990846262206,0.0545300840912
49844.2383915,0.702785385945,-4.87871859345,1.02201098884,0.0571857250944
50578.0747327,0.712450077379,-5.02500116049,1.05421596096,0.0599780880385
51322.7150464,0.72206304635,-5.17455498537,1.08749991624,0.0629148410712
52078.3183949,0.731617563289,-5.3274110969,1.12190331032,0.0660041374247
52845.0461826,0.741106842662,-5.48359967037,1.15746841226,0.0692546510521
53623.0621899,0.750524050121,-5.64315002752,1.19423940666,0.0726756153431
54412.5326089,0.759862309631,-5.80609063937,1.23226250302,0.0762768652317
55213.626078,0.769114710537,-5.97244913194,1.271586053,0.080068883044
56026.5137187,0.778274314537,-6.14225229495,1.31226067626,0.0840628484762
56851.3691718,0.787334162541,-6.3155260932,1.35433939558,0.0882706931384
57688.3686344,0.796287281379,-6.49229568082,1.39787778228,0.0927051601567
58537.6908979,0.805126690337,-6.67258541822,1.44293411267,0.0973798693821
59399.5173857,0.813845407484,-6.85641889155,1.48956953672,0.10230938883
60274.0321926,0.822436455775,-7.04381893476,1.53784826007,0.107509313047
61161.4221234,0.8308928689,-7.23480765401,1.58783774065,0.112996349203
62061.8767333,0.839207696849,-7.42940645437,1.63960890134,0.118788411796
62975.5883683,0.847374011189,-7.62763606864,1.69323636035,0.124904726997
63902.752206,0.855384910011,-7.82951658814,1.74879868105,0.131365947789
64843.5662979,0.863233522546,-8.03506749541,1.80637864323,0.138194281209
65798.2316109,0.870913013421,-8.24430769848,1.86606353818,0.145413629218
66766.952071,0.878416586548,-8.45725556674,1.92794549003,0.153049744904
67749.9346063,0.885737488631,-8.67392896813,1.99212180618,0.161130406
68747.3891915,0.892869012279,-8.89434530744,2.05869536025,0.169685607995
69759.5288928,0.899804498712,-9.11852156565,2.12777501098,0.17874777945
70786.569913,0.906537340066,-9.34647434002,2.19947606146,0.18835202255
71828.7316383,0.913060981273,-9.57821988481,2.27392076322,0.198536382401
72886.2366845,0.919368921536,-9.81377415245,2.35123887077,0.209342149136
73959.3109451,0.925454715374,-10.0531528349,2.43156825263,0.220814197603
75048.1836392,0.931311973257,-10.2963714051,2.51505556599,0.233001370155
76153.0873608,0.936934361827,-10.5434451582,2.60185700305,0.245956909076
77274.2581282,0.942315603702,-10.7943892528,2.69213911847,0.25973894628
78411.9354343,0.947449476889,-11.0492187515,2.78607974876,0.274411059318
79566.3622982,0.952329813791,-11.3079486603,2.88386903604,0.290042904392
80737.7853168,0.956950499838,-11.5705939685,2.98571057085,0.306710939085
81926.4547175,0.961305471734,-11.8371696862,3.09182267099,0.324499249978
83132.6244118,0.965388715354,-12.107690882,3.20243981625,0.343500503316
84356.5520493,0.969194263288,-12.3821727181,3.31781426257,0.363817040584
85598.499073,0.972716192051,-12.6606304853,3.43821786298,0.3855621454
86858.7307748,0.975948618981,-12.9430796358,3.56394412827,0.408861513766
88137.5163528,0.978885698838,-13.2295358146,3.69531056603,0.43385496676
89435.1289679,0.981521620116,-13.5200148888,3.83266134461,0.460698453589
90751.845803,0.983850601105,-13.8145329759,3.97637033756,0.48956640403
92087.9481216,0.985866885694,-14.1131064693,4.12684461579,0.520654503414
93443.7213284,0.987564738966,-14.4157520626,4.28452846879,0.554182981375
94819.4550298,0.988938442578,-14.722486771,4.44990805401,0.590400528735
96215.4430959,0.989982289968,-15.0333279514,4.62351679598,0.629588987027
97631.9837235,0.990690581395,-15.34829332,4.80594168487,0.672068994334
99069.3794996,0.991057618837,-15.6674009674,4.99783066063,0.71820682282
100527.937466,0.991077700775,-15.9906693718,5.19990131475,0.768422711916
102007.969185,0.990745116876,-16.3181174102,5.41295120227,0.823201093005
103509.790806,0.990054142591,-16.6497643665,5.63787013486,0.883103225883
105033.723132,0.988999033709,-16.9856299378,5.8756549295,0.948782937396
106580.091691,0.987574020861,-17.3257342386,6.12742722522,1.02100638806
108149.226802,0.985773304018,-17.6700978026,6.39445516589,1.10067712213
109741.463647,0.983591046983,-18.0187415813,6.67818000018,1.18886812429
111357.142345,0.981021371914,-18.3716869419,6.98024899796,1.28686327962
112996.608019,0.978058353883,-18.7289556617,7.30255656966,1.3962116175
114660.210877,0.974696015499,-19.0905699207,7.64729616532,1.5187991837
116348.306279,0.970928321605,-19.4565522923,8.01702652426,1.65694560051
118061.254819,0.966749174078,-19.8269257314,8.41475730335,1.81353579947
119799.4224,0.962152406739,-20.2017135604,8.84406128815,1.99220282225
121563.180312,0.957131780391,-20.5809394538,9.309223711,2.19758635167
123352.90531,0.951680978007,-20.96462742,9.81544438403,2.43570623366
125168.979698,0.945793600082,-21.3528017815,10.3691166624,2.71451533248
127011.791406,0.939463160154,-21.7454871535,10.9782209605,3.04474069386
128881.734078,0.932683080528,-22.1427084202,11.6528939175,3.441204671
130779.207151,0.925446688195,-22.5444907099,12.4062756719,3.92497808697
132704.615944,0.917747210979,-22.9508593678,13.2558140849,4.52704601508
134658.371743,0.90957777391,-23.3618399279,14.2253527811,5.29488377422
136640.891891,0.900931395846,-23.7774580828,15.348633043,6.30503017302
138652.599872,0.891800986348,-24.1977396528,16.6754999659,7.68911621585
140693.925406,0.882179342823,-24.6227105529,18.2836364324,9.69352146776
142765.304543,0.872059147952,-25.052396759,20.3023669173,12.8357959926
144867.179747,0.861432967392,-25.4868242731,22.9631066901,18.3975679939
147000,0.850293247795,-25.926019087,26.6779701726,30.4135314952
