frequency_hz,exact_magnitude_db,exact_phase_deg,pade_magnitude_db,pade_phase_deg
100,39.9999999841,-0.0060000000114,39.999999991,-0.00600000000473
101.472259111,39.9999999837,-0.00608833555313,39.9999999907,-0.00608833555163
102.966193692,39.9999999832,-0.00617797160838,39.9999999904,-0.00617797162668
104.48212286,39.9999999827,-0.00626892736692,39.9999999902,-0.00626892737701
106.020370434,39.9999999822,-0.00636122221418,39.9999999899,-0.00636122223167
107.581264998,39.9999999816,-0.00645487589586,39.9999999896,-0.00645487590575
109.165139974,39.9999999811,-0.00654990838689,39.9999999892,-0.00654990840458
110.772333694,39.9999999805,-0.00664634001497,39.9999999889,-0.00664634002805
112.403189469,39.9999999799,-0.00674419138098,39.9999999886,-0.00674419137488
114.058055668,39.9999999793,-0.00684348333596,39.9999999883,-0.0068434833471
115.737285785,39.9999999787,-0.00694423714028,39.9999999879,-0.00694423715443
117.44123852,39.9999999781,-0.00704647432116,39.9999999876,-0.00704647431888
119.170277855,39.9999999775,-0.00715021666598,39.9999999872,-0.0071502166793
120.924773129,39.9999999768,-0.00725548638852,39.9999999868,-0.0072554863961
122.705099119,39.9999999761,-0.0073623059554,39.9999999864,-0.0073623059559
124.511636121,39.9999999754,-0.00747069816742,39.999999986,-0.00747069817641
126.344770029,39.9999999747,-0.00758068620611,39.9999999856,-0.00758068621128
128.204892417,39.9999999739,-0.007692293554,39.9999999852,-0.00769229355502
130.092400627,39.9999999731,-0.00780554403436,39.9999999847,-0.00780554404807
132.007697849,39.9999999723,-0.0079204618666,39.9999999843,-0.00792046188183
133.951193208,39.9999999715,-0.00803707159948,39.9999999838,-0.00803707160388
135.923301855,39.9999999707,-0.00815539811285,39.9999999833,-0.0081553981232
137.924445051,39.9999999698,-0.00827546670322,39.9999999828,-0.00827546671551
139.955050261,39.9999999689,-0.00839730300579,39.9999999823,-0.00839730302862
142.01555124,39.999999968,-0.00852093306851,39.9999999818,-0.00852093308796
144.106388133,39.999999967,-0.00864638328901,39.9999999813,-0.00864638330214
146.228007562,39.9999999661,-0.00877368045621,39.9999999807,-0.00877368046855
148.380862727,39.999999965,-0.00890285176348,39.9999999801,-0.0089028517791
150.565413498,39.999999964,-0.00903392481611,39.9999999795,-0.00903392482606
152.782126517,39.9999999629,-0.00916692759363,39.9999999789,-0.00916692760793
155.031475296,39.9999999618,-0.00930188850862,39.9999999783,-0.00930188853538
157.313940316,39.9999999607,-0.00943883641713,39.9999999777,-0.00943883643741
159.630009136,39.9999999595,-0.00957780054715,39.999999977,-0.00957780056743
161.98017649,39.9999999583,-0.00971881059704,39.9999999763,-0.00971881060955
164.364944398,39.9999999571,-0.00986189667278,39.9999999756,-0.00986189668488
166.784822268,39.9999999558,-0.0100070893346,39.9999999749,-0.010007089358
169.24032701,39.9999999545,-0.0101544196169,39.9999999742,-0.0101544196435
171.731983145,39.9999999532,-0.0103039189876,39.9999999734,-0.0103039190127
174.260322914,39.9999999518,-0.0104556193757,39.9999999726,-0.0104556193999
176.825886396,39.9999999504,-0.0106095531913,39.9999999718,-0.0106095532099
179.429221619,39.9999999489,-0.010765753304,39.999999971,-0.0107657533245
182.070884683,39.9999999474,-0.0109242530852,39.9999999701,-0.0109242531096
184.751439872,39.9999999458,-0.0110850863906,39.9999999692,-0.0110850864222
187.471459779,39.9999999442,-0.0112482875884,39.9999999683,-0.011248287618
190.231525427,39.9999999426,-0.0114138915305,39.9999999674,-0.0114138915582
193.032226393,39.9999999408,-0.0115819335836,39.9999999664,-0.0115819336177
195.874160935,39.9999999391,-0.0117524496516,39.9999999654,-0.0117524496917
198.757936116,39.9999999373,-0.0119254761743,39.9999999644,-0.0119254762041
201.68416794,39.9999999354,-0.0121010500761,39.9999999633,-0.0121010501153
204.653481479,39.9999999335,-0.0122792088894,39.9999999622,-0.0122792089293
207.666511007,39.9999999315,-0.0124599906574,39.9999999611,-0.0124599907028
210.723900137,39.9999999295,-0.0126434340117,39.9999999599,-0.0126434340525
213.826301957,39.9999999274,-0.0128295781222,39.9999999588,-0.0128295781637
216.97437917,39.9999999253,-0.0130184627441,39.9999999575,-0.0130184627986
220.168804237,39.999999923,-0.0132101282528,39.9999999563,-0.0132101283047
223.410259518,39.9999999208,-0.0134046155747,39.999999955,-0.0134046156239
226.699437419,39.9999999184,-0.0136019662507,39.9999999536,-0.0136019663003
230.037040543,39.999999916,-0.0138022224343,39.9999999523,-0.0138022224902
233.423781832,39.9999999135,-0.0140054269094,39.9999999508,-0.0140054269701
236.860384728,39.9999999109,-0.0142116230852,39.9999999494,-0.0142116231466
240.347583324,39.9999999083,-0.0144208549988,39.9999999479,-0.0144208550651
243.886122518,39.9999999056,-0.0146331673455,39.9999999463,-0.0146331674198
247.476758179,39.9999999028,-0.0148486054881,39.9999999447,-0.0148486055625
251.1202573,39.9999998999,-0.015067215433,39.9999999431,-0.015067215513
254.817398169,39.9999998969,-0.0152890438958,39.9999999414,-0.0152890439684
258.568970531,39.9999998939,-0.0155141382364,39.9999999397,-0.0155141383137
262.375775759,39.9999998907,-0.0157425465419,39.9999999379,-0.015742546631
266.238627024,39.9999998875,-0.0159743176255,39.9999999361,-0.0159743177108
270.158349468,39.9999998841,-0.0162095009731,39.9999999342,-0.0162095010614
274.135780384,39.9999998807,-0.0164481468182,39.9999999322,-0.0164481469206
278.171769388,39.9999998772,-0.0166903061588,39.9999999302,-0.0166903062652
282.267178608,39.9999998735,-0.0169360307211,39.9999999281,-0.016936030823
286.422882864,39.9999998698,-0.0171853729704,39.999999926,-0.0171853730831
290.639769855,39.9999998659,-0.0174383861961,39.9999999238,-0.0174383863075
294.918740348,39.9999998619,-0.0176951244255,39.9999999215,-0.0176951245423
299.260708374,39.9999998578,-0.0179556424989,39.9999999192,-0.0179556426293
303.66660142,39.9999998536,-0.0182199960887,39.9999999168,-0.0182199962178
308.137360628,39.9999998493,-0.0184882416379,39.9999999143,-0.0184882417762
312.673940996,39.9999998448,-0.0187604364607,39.9999999118,-0.0187604366045
317.277311581,39.9999998402,-0.0190366386992,39.9999999092,-0.0190366388461
321.948455709,39.9999998355,-0.0193169073405,39.9999999065,-0.0193169075005
326.688371183,39.9999998306,-0.0196013022693,39.9999999037,-0.019601302436
331.498070494,39.9999998255,-0.0198898842318,39.9999999009,-0.0198898844021
336.378581041,39.9999998204,-0.0201827148651,39.9999998979,-0.0201827150426
341.330945349,39.999999815,-0.0204798567225,39.9999998949,-0.0204798569092
346.356221292,39.9999998096,-0.0207813732775,39.9999998918,-0.0207813734742
351.455482318,39.9999998039,-0.0210873289423,39.9999998886,-0.0210873291446
356.62981768,39.9999997981,-0.0213977890573,39.9999998853,-0.0213977892755
361.880332665,39.9999997921,-0.0217128199621,39.9999998819,-0.0217128201842
367.208148835,39.9999997859,-0.0220324889341,39.9999998783,-0.0220324891645
372.614404264,39.9999997796,-0.0223568642595,39.9999998747,-0.0223568645008
378.100253782,39.999999773,-0.0226860152296,39.999999871,-0.0226860154828
383.666869218,39.9999997663,-0.0230200121511,39.9999998672,-0.0230200124205
389.315439658,39.9999997594,-0.023358926381,39.9999998633,-0.0233589266588
395.047171691,39.9999997522,-0.0237028303012,39.9999998592,-0.0237028305933
400.863289671,39.9999997449,-0.0240517973816,39.999999855,-0.0240517976852
406.765035977,39.9999997373,-0.024405902158,39.9999998507,-0.0244059024773
412.753671282,39.9999997295,-0.02476522028,39.9999998463,-0.0247652206098
418.830474815,39.9999997215,-0.0251298284918,39.9999998417,-0.0251298288367
424.996744642,39.9999997133,-0.02549980468,39.999999837,-0.0254998050419
431.253797939,39.9999997048,-0.0258752278758,39.9999998322,-0.025875228256
437.602971272,39.999999696,-0.0262561782791,39.9999998272,-0.0262561786731
444.045620889,39.999999687,-0.0266427372524,39.9999998221,-0.0266427376678
450.583123001,39.9999996777,-0.0270349873828,39.9999998168,-0.0270349878132
457.216874085,39.9999996681,-0.0274330124456,39.9999998114,-0.0274330128976
463.948291172,39.9999996583,-0.0278368974735,39.9999998058,-0.0278368979431
470.778812162,39.9999996482,-0.0282467287292,39.9999998,-0.0282467292237
477.709896119,39.9999996377,-0.0286625937669,39.9999997941,-0.0286625942832
484.743023591,39.999999627,-0.0290845814177,39.999999788,-0.0290845819547
491.879696923,39.9999996159,-0.0295127818168,39.9999997817,-0.0295127823788
499.121440578,39.9999996045,-0.0299472864369,39.9999997752,-0.0299472870233
506.469801464,39.9999995928,-0.0303881880864,39.9999997686,-0.0303881887029
513.926349263,39.9999995807,-0.0308355809563,39.9999997617,-0.0308355815984
521.492676766,39.9999995683,-0.0312895606065,39.9999997546,-0.0312895612774
529.170400216,39.9999995555,-0.0317502240119,39.9999997474,-0.0317502247145
536.961159648,39.9999995423,-0.0322176695772,39.9999997399,-0.0322176703118
544.866619246,39.9999995287,-0.0326919971556,39.9999997322,-0.0326919979206
552.888467693,39.9999995147,-0.0331733080599,39.9999997242,-0.0331733088617
561.028418535,39.9999995003,-0.0336617051105,39.999999716,-0.0336617059481
569.288210545,39.9999994855,-0.0341572926348,39.9999997076,-0.0341572935062
577.669608095,39.9999994702,-0.0346601764853,39.9999996989,-0.0346601773983
586.174401534,39.9999994545,-0.0351704640913,39.99999969,-0.0351704650456
594.80440757,39.9999994383,-0.0356882644562,39.9999996808,-0.0356882654505
603.561469656,39.9999994217,-0.0362136881778,39.9999996713,-0.0362136892203
612.447458386,39.9999994045,-0.0367468475023,39.9999996616,-0.0367468485907
621.464271895,39.9999993869,-0.0372878563154,39.9999996516,-0.03728785745
630.613836263,39.9999993687,-0.0378368301737,39.9999996412,-0.037836831363
639.898105925,39.99999935,-0.0383938863554,39.9999996306,-0.038393887596
649.319064094,39.9999993307,-0.0389591438458,39.9999996196,-0.0389591451417
658.878723177,39.9999993108,-0.0395327233908,39.9999996083,-0.0395327247448
668.579125213,39.9999992904,-0.0401147475122,39.9999995967,-0.0401147489276
678.422342301,39.9999992693,-0.0407053405369,39.9999995848,-0.0407053420163
688.41047705,39.9999992477,-0.0413046286244,39.9999995725,-0.0413046301675
698.545663023,39.9999992253,-0.0419127397794,39.9999995598,-0.0419127413951
708.830065194,39.9999992024,-0.0425298039107,39.9999995467,-0.0425298055977
719.265880414,39.9999991787,-0.0431559528244,39.9999995333,-0.0431559545865
729.855337874,39.9999991543,-0.043791320271,39.9999995194,-0.043791322113
740.600699586,39.9999991293,-0.0444360419739,39.9999995052,-0.0444360438983
751.504260866,39.9999991034,-0.0450902556522,39.9999994905,-0.0450902576612
762.568350819,39.9999990768,-0.0457541010473,39.9999994754,-0.0457541031485
773.795332845,39.9999990495,-0.04642771997,39.9999994598,-0.0464277221642
785.187605137,39.9999990213,-0.0471112563078,39.9999994438,-0.0471112586
796.747601196,39.9999989922,-0.0478048560728,39.9999994273,-0.0478048584662
808.47779035,39.9999989623,-0.0485086674206,39.9999994103,-0.0485086699228
820.380678283,39.9999989316,-0.0492228406977,39.9999993928,-0.0492228433109
832.458807567,39.9999988999,-0.0499475284527,39.9999993748,-0.0499475311851
844.714758211,39.9999988672,-0.0506828854927,39.9999993563,-0.0506828883461
857.151148204,39.9999988336,-0.051429068894,39.9999993372,-0.0514290718737
869.770634083,39.999998799,-0.0521862380454,39.9999993175,-0.05218624116
882.575911492,39.9999987634,-0.0529545546883,39.9999992973,-0.0529545579442
895.569715765,39.9999987267,-0.0537341829458,39.9999992764,-0.0537341863464
908.754822505,39.999998689,-0.0545252893494,39.999999255,-0.0545252929032
922.13404818,39.9999986501,-0.0553280428904,39.9999992329,-0.055328046603
935.710250724,39.99999861,-0.0561426150418,39.9999992101,-0.056142618922
949.486330147,39.9999985688,-0.0569691798078,39.9999991867,-0.0569691838612
963.465229155,39.9999985264,-0.0578079137508,39.9999991625,-0.0578079179833
977.649933777,39.9999984826,-0.0586589960252,39.9999991377,-0.0586590004504
992.043474005,39.9999984376,-0.059522608441,39.9999991121,-0.0595226130624
1006.64892444,39.9999983913,-0.060398935465,39.9999990858,-0.0603989402957
1021.46940495,39.9999983436,-0.0612881642974,39.9999990587,-0.0612881693428
1036.50808134,39.9999982944,-0.0621904848812,39.9999990307,-0.0621904901521
1051.76816601,39.9999982439,-0.0631060899593,39.999999002,-0.0631060954685
1067.25291866,39.9999981918,-0.06403517512,39.9999989724,-0.0640351808747
1082.965647,39.9999981381,-0.0649779388198,39.9999989419,-0.0649779448329
1098.90970741,39.9999980829,-0.0659345824447,39.9999989105,-0.0659345887271
1115.0885057,39.999998026,-0.0669053103415,39.9999988782,-0.0669053169064
1131.50549783,39.9999979675,-0.0678903298699,39.9999988449,-0.0678903367281
1148.16419062,39.9999979072,-0.0688898514371,39.9999988107,-0.0688898586028
1165.06814253,39.9999978451,-0.0699040885508,39.9999987754,-0.0699040960387
1182.22096441,39.9999977812,-0.0709332578655,39.9999987391,-0.0709332656872
1199.62632028,39.9999977154,-0.071977579218,39.9999987017,-0.0719775873898
1217.28792808,39.9999976476,-0.0730372756858,39.9999986632,-0.0730372842244
1235.20956052,39.9999975778,-0.0741125736321,39.9999986235,-0.0741125825532
1253.39504582,39.999997506,-0.0752037027497,39.9999985827,-0.0752037120711
1271.84826858,39.999997432,-0.0763108961153,39.9999985406,-0.0763109058548
1290.5731706,39.9999973559,-0.0774343902352,39.9999984974,-0.0774344004125
1309.57375169,39.9999972774,-0.0785744251019,39.9999984528,-0.0785744357342
1328.85407058,39.9999971967,-0.0797312442344,39.9999984069,-0.0797312553436
1348.41824571,39.9999971135,-0.0809050947422,39.9999983596,-0.0809051063495
1368.27045619,39.9999970279,-0.082096227372,39.999998311,-0.0820962394987
1388.41494265,39.9999969397,-0.0833048965599,39.9999982609,-0.0833049092299
1408.85600815,39.999996849,-0.0845313604889,39.9999982093,-0.0845313737277
1429.5980191,39.9999967555,-0.0857758811453,39.9999981562,-0.0857758949779
1450.64540619,39.9999966593,-0.0870387243718,39.9999981015,-0.0870387388235
1472.00266536,39.9999965602,-0.088320159921,39.9999980452,-0.0883201750214
1493.67435872,39.9999964581,-0.0896204615235,39.9999979872,-0.0896204772999
1515.66511556,39.9999963531,-0.0909399069344,39.9999979275,-0.0909399234175
1537.97963333,39.9999962449,-0.0922787779997,39.999997866,-0.0922787952221
1560.62267861,39.9999961335,-0.0936373607168,39.9999978027,-0.0936373787111
1583.59908819,39.9999960188,-0.0950159452923,39.9999977375,-0.0950159640925
1606.91377006,39.9999959007,-0.0964148262036,39.9999976704,-0.0964148458471
1630.57170445,39.9999957791,-0.0978343022662,39.9999976013,-0.0978343227911
1654.57794494,39.9999956539,-0.0992746766956,39.9999975302,-0.0992746981403
1678.93761949,39.999995525,-0.100736257168,39.9999974569,-0.100736279575
1703.65593157,39.9999953923,-0.102219355893,39.9999973815,-0.102219379303
1728.73816125,39.9999952556,-0.103724289675,39.9999973038,-0.103724314134
1754.18966634,39.9999951149,-0.105251379981,39.9999972238,-0.105251405535
1780.01588353,39.99999497,-0.106800953012,39.9999971415,-0.106800979712
1806.22232956,39.9999948208,-0.108373339774,39.9999970567,-0.108373367671
1832.81460238,39.9999946672,-0.109968876142,39.9999969694,-0.109968905291
1859.79838236,39.999994509,-0.111587902941,39.9999968795,-0.111587933396
1887.1794335,39.9999943461,-0.11323076601,39.9999967869,-0.113230797829
1914.96360466,39.9999941784,-0.114897816281,39.9999966916,-0.114897849525
1943.15683081,39.9999940057,-0.116589409849,39.9999965935,-0.116589444584
1971.76513431,39.9999938279,-0.118305908058,39.9999964925,-0.11830594435
2000.79462615,39.9999936449,-0.12004767757,39.9999963884,-0.120047715488
2030.25150734,39.9999934564,-0.12181509044,39.9999962813,-0.121815130059
2060.14207014,39.9999932623,-0.123608524208,39.999996171,-0.123608565602
2090.47269948,39.9999930624,-0.125428361969,39.9999960574,-0.125428405218
2121.24987427,39.9999928566,-0.127274992456,39.9999959405,-0.127275037644
2152.48016882,39.9999926447,-0.129148810129,39.99999582,-0.129148857342
2184.17025423,39.9999924266,-0.131050215253,39.9999956961,-0.131050264583
2216.3268998,39.9999922019,-0.132979613988,39.9999955684,-0.132979665529
2248.95697453,39.9999919706,-0.134937418471,39.9999954369,-0.134937472322
2282.0674485,39.9999917324,-0.13692404691,39.9999953016,-0.136924103174
2315.66539444,39.9999914872,-0.138939923666,39.9999951622,-0.138939982452
2349.7579892,39.9999912347,-0.140985479351,39.9999950187,-0.140985540773
2384.35251529,39.9999909747,-0.143061150918,39.999994871,-0.143061215091
2419.45636245,39.999990707,-0.145167381747,39.9999947188,-0.145167448797
2455.07702919,39.9999904314,-0.147304621751,39.9999945622,-0.147304691807
2491.22212445,39.9999901475,-0.149473327466,39.9999944009,-0.149473400662
2527.89936916,39.9999898553,-0.15167396215,39.9999942348,-0.151674038626
2565.11659795,39.9999895544,-0.153906995877,39.9999940638,-0.153907075781
2602.88176079,39.9999892445,-0.156172905647,39.9999938877,-0.156172989132
2641.20292467,39.9999889255,-0.15847217548,39.9999937064,-0.158472262707
2680.08827538,39.999988597,-0.160805296522,39.9999935197,-0.160805387659
2719.54611921,39.9999882588,-0.163172767153,39.9999933275,-0.163172862374
2759.58488474,39.9999879105,-0.165575093084,39.9999931296,-0.165575192574
2800.21312464,39.9999875519,-0.168012787479,39.9999929258,-0.168012891427
2841.43951751,39.9999871827,-0.170486371051,39.999992716,-0.170486479658
2883.27286971,39.9999868025,-0.172996372182,39.9999924999,-0.172996485658
2925.72211724,39.999986411,-0.175543327034,39.9999922774,-0.175543445596
2968.79632769,39.999986008,-0.178127779661,39.9999920484,-0.178127903537
3012.50470212,39.9999855929,-0.180750282127,39.9999918125,-0.180750411555
3056.85657708,39.9999851656,-0.183411394625,39.9999915697,-0.183411529854
3101.86142656,39.9999847256,-0.186111685594,39.9999913196,-0.186111826884
3147.52886404,39.9999842725,-0.188851731843,39.9999910621,-0.188851879465
3193.86864453,39.999983806,-0.191632118671,39.999990797,-0.191632272911
3240.89066665,39.9999833256,-0.194453439999,39.999990524,-0.194453601152
3288.60497479,39.999982831,-0.197316298487,39.9999902429,-0.197316466863
3337.02176117,39.9999823218,-0.20022130567,39.9999899535,-0.200221481593
3386.1513681,39.9999817974,-0.203169082086,39.9999896555,-0.203169265894
3436.00429014,39.9999812575,-0.206160257408,39.9999893487,-0.206160449455
3486.59117637,39.9999807015,-0.209195470582,39.9999890327,-0.209195671236
3537.92283265,39.9999801291,-0.212275369959,39.9999887074,-0.212275579606
3590.01022391,39.9999795397,-0.215400613435,39.9999883725,-0.215400832478
3642.86447653,39.9999789328,-0.218571868592,39.9999880276,-0.218572097454
3696.49688071,39.9999783079,-0.221789812842,39.9999876724,-0.221790051962
3750.91889284,39.9999776645,-0.22505513357,39.9999873068,-0.225055383407
3806.142138,39.999977002,-0.22836852828,39.9999869303,-0.228368789315
3862.17841242,39.9999763198,-0.231730704745,39.9999865426,-0.23173097748
3919.039686,39.9999756174,-0.23514238116,39.9999861434,-0.235142666119
3976.73810486,39.9999748942,-0.238604286292,39.9999857324,-0.238604584023
4035.28599395,39.9999741495,-0.242117159637,39.9999853092,-0.242117470713
4094.69585967,39.9999733827,-0.24568175158,39.9999848734,-0.245682076599
4154.98039255,39.9999725932,-0.249298823553,39.9999844247,-0.249299163139
4216.15246996,39.9999717802,-0.252969148197,39.9999839627,-0.252969503004
4278.22515885,39.9999709432,-0.256693509531,39.999983487,-0.25669388024
4341.21171856,39.9999700813,-0.260472703114,39.9999829972,-0.260473090439
4405.12560363,39.9999691939,-0.264307536218,39.9999824929,-0.264307940903
4469.98046671,39.9999682801,-0.268198828002,39.9999819736,-0.268199250826
4535.79016141,39.9999673392,-0.272147409684,39.9999814388,-0.272147851459
4602.56874534,39.9999663704,-0.27615412472,39.9999808883,-0.276154586296
4670.33048305,39.9999653729,-0.280219828983,39.9999803214,-0.280220311247
4739.08984912,39.9999643458,-0.284345390947,39.9999797377,-0.284345894827
4808.86153123,39.9999632882,-0.288531691874,39.9999791366,-0.288532218337
4879.66043328,39.9999621993,-0.292779625997,39.9999785178,-0.292780176057
4951.50167862,39.9999610781,-0.297090100717,39.9999778805,-0.297090675431
5024.40061323,39.9999599236,-0.301464036794,39.9999772244,-0.301464637267
5098.37280906,39.9999587348,-0.305902368544,39.9999765488,-0.30590299593
5173.43406728,39.9999575108,-0.310406044037,39.9999758532,-0.310406699543
5249.60042171,39.9999562505,-0.314976025302,39.999975137,-0.31497671019
5326.88814223,39.9999549528,-0.319613288534,39.9999743995,-0.319614004118
5405.31373826,39.9999536166,-0.324318824296,39.9999736401,-0.324319571953
5484.89396228,39.9999522408,-0.329093637737,39.9999728582,-0.329094418904
5565.64581339,39.9999508241,-0.333938748803,39.9999720531,-0.333939564984
5647.58654099,39.9999493655,-0.33885519246,39.9999712241,-0.338856045221
5730.73364842,39.9999478636,-0.343844018905,39.9999703705,-0.343844909888
5815.10489671,39.9999463171,-0.348906293803,39.9999694916,-0.34890722472
5900.71830839,39.9999447248,-0.354043098503,39.9999685867,-0.354044071145
5987.59217133,39.9999430852,-0.35925553028,39.9999676549,-0.359256546516
6075.74504263,39.999941397,-0.364544702558,39.9999666954,-0.364545764342
6165.19575261,39.9999396587,-0.369911745156,39.9999657075,-0.369912854531
6255.96340882,39.9999378689,-0.375357804529,39.9999646903,-0.375358963626
6348.06740011,39.9999360259,-0.380884044007,39.9999636429,-0.380885255055
6441.52740081,39.9999341283,-0.386491644049,39.9999625644,-0.386492909377
6536.36337489,39.9999321744,-0.392181802494,39.999961454,-0.392183124534
6632.59558024,39.9999301626,-0.397955734814,39.9999603106,-0.397957116109
6730.24457299,39.9999280911,-0.40381467438,39.9999591333,-0.403816117584
6829.33121194,39.9999259581,-0.409759872716,39.999957921,-0.409761380606
6929.87666296,39.9999237619,-0.415792599778,39.9999566728,-0.415794175252
7031.90240355,39.9999215005,-0.421914144213,39.9999553876,-0.4219157903
7135.43022739,39.9999191721,-0.428125813644,39.9999540643,-0.428127533509
7240.48224906,39.9999167746,-0.434428934944,39.9999527017,-0.434430731893
7347.08090868,39.9999143059,-0.440824854521,39.9999512986,-0.440826732011
7455.24897679,39.9999117641,-0.447314938607,39.999949854,-0.447316900246
7565.00955913,39.9999091468,-0.453900573548,39.9999483665,-0.453902623108
7676.38610165,39.9999064519,-0.460583166099,39.9999468349,-0.46058530752
7789.40239546,39.9999036771,-0.467364143728,39.9999452578,-0.467366381128
7904.08258196,39.99990082,-0.474244954917,39.999943634,-0.474247292598
8020.45115795,39.9998978781,-0.481227069477,39.999941962,-0.481229511932
8138.5329809,39.999894849,-0.488311978854,39.9999402403,-0.48831453078
8258.35327425,39.99989173,-0.495501196455,39.9999384676,-0.495503862759
8379.93763279,39.9998885185,-0.502796257967,39.9999366424,-0.502799043774
8503.31202812,39.9998852117,-0.510198721687,39.9999347629,-0.510201632354
8628.50281423,39.9998818068,-0.517710168854,39.9999328278,-0.517713209976
8755.5367331,39.999878301,-0.525332203986,39.9999308352,-0.525335381411
8884.44092041,39.9998746911,-0.533066455224,39.9999287835,-0.533069775061
9015.24291136,39.9998709742,-0.540914574682,39.9999266709,-0.540918043312
9147.97064655,39.9998671471,-0.548878238793,39.9999244957,-0.548881862886
9282.6524779,39.9998632064,-0.556959148674,39.9999222559,-0.556962935197
9419.3171748,39.9998591488,-0.565159030488,39.9999199497,-0.565162986721
9557.99393014,39.9998549709,-0.573479635808,39.9999175751,-0.573483769358
9698.71236665,39.999850669,-0.581922741999,39.99991513,-0.581927060812
9841.50254316,39.9998462395,-0.59049015259,39.9999126124,-0.59049466497
9986.39496106,39.9998416787,-0.599183697664,39.9999100201,-0.599188412286
10133.4205708,39.9998369826,-0.608005234247,39.9999073509,-0.608010160175
10282.6107784,39.9998321471,-0.616956646706,39.9999046025,-0.616961793411
10433.9974525,39.9998271683,-0.626039847151,39.9999017725,-0.626045224527
10587.6129307,39.9998220417,-0.635256775842,39.9998988586,-0.635262394227
10743.4900268,39.9998167631,-0.644609401606,39.9998958583,-0.644615271801
10901.6620376,39.9998113279,-0.654099722254,39.9998927689,-0.654105855546
11062.1627502,39.9998057315,-0.663729765013,39.9998895879,-0.663736173192
11225.0264492,39.9997999691,-0.673501586954,39.9998863125,-0.673508282341
11390.2879239,39.9997940358,-0.683417275434,39.99988294,-0.683424270899
11557.9824757,39.9997879265,-0.693478948541,39.9998794673,-0.693486257534
11728.1459258,39.9997816359,-0.703688755547,39.9998758917,-0.703696392119
11900.8146228,39.9997751588,-0.714048877367,39.99987221,-0.714056856199
12076.0254504,39.9997684895,-0.724561527024,39.999868419,-0.724569863456
12253.8158354,39.9997616224,-0.735228950124,39.9998645156,-0.735237660181
12434.2237555,39.9997545517,-0.746053425332,39.9998604963,-0.74606252576
12617.2877477,39.9997472711,-0.757037264863,39.9998563578,-0.757046773156
12803.0469162,39.9997397747,-0.768182814972,39.9998520965,-0.768192749409
12991.540941,39.9997320558,-0.779492456458,39.9998477088,-0.779502836137
13182.8100862,39.999724108,-0.790968605172,39.9998431908,-0.790979450046
13376.8952088,39.9997159245,-0.80261371253,39.9998385389,-0.802625043449
13573.8377674,39.9997074982,-0.814430266043,39.9998337489,-0.814442104788
13773.6798307,39.999698822,-0.826420789841,39.9998288167,-0.826433159171
13976.464087,39.9996898884,-0.838587845219,39.9998237383,-0.838600768912
14182.233853,39.9996806898,-0.850934031178,39.9998185091,-0.850947534077
14391.0330831,39.9996712184,-0.863461984984,39.9998131248,-0.863476093048
14602.9063789,39.999661466,-0.876174382732,39.9998075807,-0.87618912308
14817.8989986,39.9996514244,-0.889073939914,39.9998018721,-0.889089340882
15036.0568667,39.9996410848,-0.902163412002,39.9997959942,-0.902179503194
15257.4265839,39.9996304386,-0.915445595036,39.9997899418,-0.915462407384
15482.055437,39.9996194766,-0.928923326219,39.9997837098,-0.928940892042
15709.9914088,39.9996081895,-0.942599484528,39.9997772928,-0.942617837591
15941.2831887,39.9995965675,-0.956476991324,39.9997706855,-0.956496166906
16175.980183,39.9995846008,-0.970558810978,39.9997638821,-0.970578845938
16414.1325251,39.9995722791,-0.984847951504,39.9997568768,-0.984868884355
16655.7910867,39.999559592,-0.999347465204,39.9997496636,-0.999369336182
16901.0074886,39.9995465285,-1.01406044932,39.9997422363,-1.01408330046
17149.8341113,39.9995330775,-1.02899004668,39.9997345886,-1.02901392191
17402.3241066,39.9995192275,-1.0441394464,39.999726714,-1.04416439161
17658.5314089,39.9995049667,-1.05951188453,39.9997186057,-1.05953794767
17918.5107465,39.9994902829,-1.07511064479,39.9997102567,-1.07513787596
18182.3176536,39.9994751635,-1.09093905921,39.9997016599,-1.09096751075
18450.0084819,39.9994595956,-1.10700050891,39.999692808,-1.1070302355
18721.6404128,39.999443566,-1.12329842477,39.9996836934,-1.12332948354
18997.2714696,39.9994270609,-1.13983628818,39.9996743083,-1.13986873883
19276.9605298,39.9994100662,-1.15661763179,39.9996646446,-1.15665153669
19560.7673376,39.9993925673,-1.17364604026,39.9996546941,-1.17368146457
19848.752517,39.9993745494,-1.19092515102,39.9996444482,-1.19096216283
20140.9775844,39.9993559971,-1.20845865507,39.9996338983,-1.20849732551
20437.5049621,39.9993368944,-1.22625029772,39.9996230351,-1.22629070112
20738.397991,39.9993172251,-1.24430387946,39.9996118495,-1.24434609346
21043.720945,39.9992969724,-1.2626232567,39.9996003319,-1.26266736244
21353.539044,39.9992761189,-1.28121234264,39.9995884724,-1.28125842487
21667.9184682,39.9992546468,-1.30007510809,39.9995762609,-1.30012325538
21986.9263721,39.9992325378,-1.31921558233,39.9995636868,-1.31926588719
22310.630899,39.9992097729,-1.33863785394,39.9995507395,-1.33869041306
22639.1011952,39.9991863328,-1.35834607171,39.9995374077,-1.35840098609
22972.4074253,39.9991621974,-1.37834444552,39.9995236802,-1.37840182068
23310.6207868,39.9991373461,-1.39863724721,39.9995095452,-1.39869719341
23653.8135252,39.9991117576,-1.41922881151,39.9994949904,-1.41929144395
24002.0589501,39.99908541,-1.440123537,39.9994800036,-1.44018897602
24355.4314499,39.9990582809,-1.46132588699,39.9994645717,-1.46139425833
24714.0065085,39.9990303471,-1.48284039051,39.9994486817,-1.48291182556
25077.8607212,39.9990015847,-1.50467164327,39.9994323198,-1.50474627927
25447.0718106,39.998971969,-1.52682430864,39.9994154721,-1.52690228901
25821.7186439,39.9989414749,-1.54930311864,39.9993981241,-1.5493845932
26201.8812494,39.9989100762,-1.57211287496,39.9993802609,-1.57219800027
26587.6408335,39.9988777461,-1.59525845001,39.9993618672,-1.5953473896
26979.0797982,39.998844457,-1.61874478789,39.9993429273,-1.61883771265
27376.2817587,39.9988101804,-1.64257690552,39.9993234249,-1.64267399397
27779.3315613,39.9987748871,-1.66675989368,39.9993033433,-1.66686133233
28188.3153013,39.9987385468,-1.69129891808,39.9992826652,-1.69140490182
28603.3203417,39.9987011285,-1.7161992205,39.9992613729,-1.71630995293
29024.4353316,39.9986626003,-1.7414661199,39.9992394482,-1.74158181374
29451.7502253,39.9986229292,-1.76710501352,39.9992168722,-1.76722589101
29885.3563015,39.9985820812,-1.79312137809,39.9991936256,-1.79324767143
30325.3461826,39.9985400216,-1.81952077096,39.9991696883,-1.81965272273
30771.8138549,39.9984967143,-1.84630883129,39.9991450399,-1.84644669495
31224.8546881,39.9984521224,-1.87349128129,39.9991196592,-1.87363532163
31684.5654563,39.9984062076,-1.90107392738,39.9990935245,-1.90122442107
32151.0443582,39.9983589309,-1.92906266149,39.9990666131,-1.92921989756
32624.3910382,39.9983102517,-1.95746346229,39.9990389021,-1.95762774272
33104.7066078,39.9982601285,-1.98628239647,39.9990103677,-1.98645403676
33592.0936671,39.9982085184,-2.01552562003,39.9989809853,-2.0157049498
34086.6563269,39.9981553773,-2.04519937961,39.9989507296,-2.04538674324
34588.5002305,39.9981006599,-2.07531001383,39.9989195747,-2.0755057711
35097.7325766,39.9980443192,-2.1058639546,39.9988874938,-2.10606848141
35614.4621424,39.9979863072,-2.13686772854,39.9988544593,-2.13708141762
36138.7993063,39.9979265744,-2.16832795838,39.9988204429,-2.16855122
36670.8560719,39.9978650695,-2.20025136431,39.9987854151,-2.20048462714
37210.7460916,39.9978017401,-2.2326447655,39.998749346,-2.23288847737
37758.5846914,39.9977365321,-2.26551508148,39.9987122045,-2.26576971028
38314.4888949,39.9976693896,-2.29886933369,39.9986739585,-2.29913536822
38878.5774486,39.9976002554,-2.33271464692,39.9986345753,-2.33299259786
39450.9708475,39.9975290703,-2.36705825085,39.9985940209,-2.36734865175
40031.7913604,39.9974557734,-2.40190748162,39.9985522603,-2.40221088988
40621.1630562,39.9973803022,-2.43726978337,39.9985092577,-2.43758678133
41219.2118305,39.997302592,-2.47315270983,39.9984649759,-2.47348390587
41826.0654323,39.9972225766,-2.50956392594,39.9984193768,-2.50990995568
42441.8534916,39.9971401874,-2.5465112095,39.998372421,-2.54687273697
43066.7075467,39.9970553541,-2.5840024528,39.9983240682,-2.58438017175
43700.7610726,39.9969680041,-2.62204566436,39.9982742766,-2.62244029954
44344.1495093,39.9968780627,-2.66064897056,39.9982230033,-2.66106127915
44997.0102908,39.9967854532,-2.69982061745,39.9981702039,-2.70025139049
45659.4828747,39.9966900962,-2.73956897248,39.9981158331,-2.74001903638
46331.7087716,39.9965919104,-2.77990252629,39.9980598437,-2.7803727444
47013.8315755,39.9964908116,-2.82082989453,39.9980021874,-2.8213211688
47705.9969945,39.9963867137,-2.86235981967,39.9979428145,-2.86287309238
48408.3528819,39.9962795274,-2.90450117292,39.9978816737,-2.90503742848
49121.049268,39.9961691612,-2.94726295608,39.997818712,-2.94782322288
49844.2383915,39.9960555208,-2.99065430349,39.997753875,-2.9912396559
50578.0747327,39.995938509,-3.03468448396,39.9976871067,-3.03529604437
51322.7150464,39.9958180257,-3.07936290278,39.9976183492,-3.08000184371
52078.3183949,39.9956939679,-3.12469910369,39.9975475431,-3.12536665007
52845.0461826,39.9955662296,-3.17070277095,39.997474627,-3.17140020243
53623.0621899,39.9954347016,-3.2173837314,39.9973995378,-3.2181123848
54412.5326089,39.9952992713,-3.26475195653,39.9973222103,-3.26551322841
55213.626078,39.9951598231,-3.31281756468,39.9972425776,-3.31361291394
56026.5137187,39.9950162376,-3.36159082312,39.9971605705,-3.36242177383
56851.3691718,39.9948683921,-3.41108215031,39.9970761179,-3.41195029461
57688.3686344,39.9947161601,-3.46130211806,39.9969891464,-3.46220911917
58537.6908979,39.9945594115,-3.51226145387,39.9968995805,-3.51320904927
59399.5173857,39.9943980123,-3.56397104314,39.9968073425,-3.56496104788
60274.0321926,39.9942318245,-3.61644193156,39.996712352,-3.61747624168
61161.4221234,39.9940607058,-3.66968532741,39.9966145264,-3.6707659236
62061.8767333,39.99388451,-3.723712604,39.9965137807,-3.72484155533
62975.5883683,39.9937030864,-3.7785353021,39.996410027,-3.77971476995
63902.752206,39.9935162799,-3.83416513236,39.996303175,-3.83539737455
64843.5662979,39.9933239306,-3.89061397787,39.9961931315,-3.89190135291
65798.2316109,39.9931258741,-3.94789389665,39.9960798006,-3.94923886825
66766.952071,39.992921941,-4.00601712426,39.9959630832,-4.00742226599
67749.9346063,39.9927119568,-4.06499607638,39.9958428776,-4.06646407658
68747.3891915,39.992495742,-4.12484335149,39.9957190786,-4.12637701832
69759.5288928,39.9922731115,-4.18557173357,39.9955915779,-4.18717400035
70786.569913,39.992043875,-4.24719419478,39.995460264,-4.24886812558
71828.7316383,39.9918078364,-4.3097238983,39.995325022,-4.3114726937
72886.2366845,39.9915647938,-4.37317420107,39.9951857332,-4.37500120423
73959.3109451,39.9913145392,-4.4375586567,39.9950422757,-4.43946735969
75048.1836392,39.9910568585,-4.50289101835,39.9948945233,-4.50488506876
76153.0873608,39.9907915313,-4.56918524165,39.9947423465,-4.57126844945
77274.2581282,39.9905183307,-4.63645548769,39.9945856114,-4.63863183248
78411.9354343,39.9902370227,-4.70471612606,39.9944241801,-4.70698976454
79566.3622982,39.9899473668,-4.77398173789,39.9942579106,-4.77635701173
80737.7853168,39.9896491152,-4.84426711901,39.9940866563,-4.84674856301
81926.4547175,39.9893420125,-4.91558728305,39.9939102662,-4.91817963372
83132.6244118,39.989025796,-4.98795746471,39.9937285846,-4.99066566916
84356.5520493,39.9887001952,-5.06139312296,39.993541451,-5.06422234823
85598.499073,39.9883649312,-5.13590994438,39.9933486998,-5.13886558717
86858.7307748,39.9880197173,-5.21152384649,39.9931501604,-5.21461154329
88137.5163528,39.9876642579,-5.28825098117,39.9929456569,-5.29147661883
89435.1289679,39.9872982488,-5.36610773807,39.9927350078,-5.36947746491
90751.845803,39.9869213768,-5.44511074818,39.9925180262,-5.44863098546
92087.9481216,39.9865333191,-5.5252768873,39.992294519,-5.5289543413
93443.7213284,39.9861337437,-5.60662327971,39.9920642874,-5.61046495427
94819.4550298,39.9857223084,-5.68916730179,39.9918271262,-5.69318051144
96215.4430959,39.9852986609,-5.77292658575,39.9915828239,-5.77711896937
97631.9837235,39.9848624386,-5.85791902341,39.9913311622,-5.86229855849
99069.3794996,39.984413268,-5.94416276997,39.991071916,-5.94873778755
100527.937466,39.9839507644,-6.03167624796,39.9908048533,-6.03645544812
102007.969185,39.9834745317,-6.12047815109,39.9905297345,-6.1254706192
103509.790806,39.9829841621,-6.21058744834,39.9902463126,-6.21580267194
105033.723132,39.9824792356,-6.30202338792,39.9899543328,-6.30747127441
106580.091691,39.9819593198,-6.39480550145,39.9896535322,-6.40049639645
108149.226802,39.9814239692,-6.48895360811,39.9893436395,-6.49489831468
109741.463647,39.9808727253,-6.58448781884,39.9890243749,-6.59069761752
111357.142345,39.9803051158,-6.6814285407,39.9886954496,-6.68791521038
112996.608019,39.9797206543,-6.77979648117,39.9883565656,-6.7865723209
114660.210877,39.9791188402,-6.8796126526,39.9880074153,-6.88669050431
116348.306279,39.9784991576,-6.98089837671,39.9876476815,-6.98829164888
118061.254819,39.9778610756,-7.08367528912,39.9872770366,-7.09139798152
119799.4224,39.9772040472,-7.187965344,39.9868951425,-7.19603207342
121563.180312,39.9765275093,-7.2937908187,39.9865016502,-7.30221684589
123352.90531,39.9758308819,-7.4011743186,39.9860961996,-7.40997557619
125168.979698,39.9751135678,-7.51013878186,39.9856784188,-7.51933190362
127011.791406,39.974374952,-7.62070748436,39.9852479238,-7.63030983561
128881.734078,39.9736144012,-7.73290404466,39.9848043183,-7.74293375401
130779.207151,39.972831263,-7.84675242904,39.9843471929,-7.85722842148
132704.615944,39.972024866,-7.96227695663,39.9838761249,-7.97321898797
134658.371743,39.9711945183,-8.0795023046,39.9833906778,-8.09093099741
136640.891891,39.9703395077,-8.19845351344,39.9828904009,-8.21039039445
138652.599872,39.9694591005,-8.31915599229,39.9823748285,-8.33162353143
140693.925406,39.9685525415,-8.44163552439,39.9818434795,-8.45465717538
142765.304543,39.9676190525,-8.56591827255,39.9812958572,-8.57951851528
144867.179747,39.9666578325,-8.6920307848,39.9807314482,-8.70623516938
147000,39.9656680563,-8.82,39.980149722,-8.83483519271
